period,variant,window_id,test_start,test_end,baseline_candidate,variant_candidate,candidate_changed,baseline_gate_pass,variant_gate_pass,baseline_selected,variant_selected,baseline_raw_test_return_pct,variant_raw_test_return_pct,raw_delta_pct,baseline_executed_test_return_pct,variant_executed_test_return_pct,executed_delta_pct,variant_diplom_available,variant_diplom_missing,variant_diplom_stale,variant_diplom_changed,variant_diplom_p_high,variant_diplom_long_p_high_exposure,variant_diplom_gross_reduction_pct,variant_gate_reject_reasons
broad_2022_2026_monthly,fresh_candidate_only,11,2023-10-26T09:50:00,2023-11-25T09:50:00,voladj_mom_96|short_only|1|0.5|24,mom_96|long_short|3|0.5|24,True,False,False,cash_gate_veto,cash_gate_veto,-12.05776837885072,-1.982082849604072,10.075685529246648,0.0,0.0,0.0,417,22,23,0,0.7901421160448072,0.2566702717983452,0.0,decision_score
broad_2022_2026_monthly,fresh_candidate_only,28,2025-03-19T09:50:00,2025-04-18T09:50:00,mom_96|short_only|3|0.5|24,voladj_mom_96|long_short|3|0.5|24,True,False,False,cash_gate_veto,cash_gate_veto,0.4482900343927287,-7.519865316571195,-7.968155350963924,0.0,0.0,0.0,630,12,0,0,0.8610291734121175,0.2649200081584788,0.0,decision_score
broad_2022_2026_monthly,fresh_candidate_only,39,2026-02-12T09:50:00,2026-03-14T09:50:00,voladj_mom_96|short_only|3|0.5|24,mom_96|long_short|3|0.5|24,True,False,False,cash_gate_veto,cash_gate_veto,-6.844418295783584,-3.920212025259695,2.9242062705238894,0.0,0.0,0.0,600,0,0,0,0.7218136771808215,0.279611925954319,0.0,decision_score
broad_2022_2026_monthly,fresh_combined,5,2023-04-29T09:50:00,2023-05-29T09:50:00,voladj_mom_96|long_only|3|0.5|24,voladj_mom_96|long_only|3|0.5|24,False,False,False,cash_gate_veto,cash_gate_veto,-1.9890676139675436,-1.27960033546195,0.7094672785055935,0.0,0.0,0.0,189,0,0,189,0.8475069633545763,0.2337944953361432,10.84881727657621,decision_score
broad_2022_2026_monthly,fresh_combined,6,2023-05-29T09:50:00,2023-06-28T09:50:00,mom_48|long_only|1|0.5|24,mom_48|long_only|1|0.5|24,False,False,False,cash_gate_veto,cash_gate_veto,0.1143860510341765,0.0878947693452092,-0.02649128168896729,0.0,0.0,0.0,73,0,0,77,0.6847056376945992,0.338470459831463,8.887392200835764,decision_score
broad_2022_2026_monthly,fresh_combined,7,2023-06-28T09:50:00,2023-07-28T09:50:00,mom_48|long_only|1|0.5|24,voladj_mom_48|long_only|3|0.5|24,True,False,False,cash_gate_veto,cash_gate_veto,-2.325161749982452,1.3184547930061186,3.6436165429885707,0.0,0.0,0.0,231,0,0,231,0.8109008388906142,0.229018460444306,6.415739384564486,decision_score
broad_2022_2026_monthly,fresh_combined,8,2023-07-28T09:50:00,2023-08-27T09:50:00,mom_48|long_only|1|0.5|24,mom_48|long_only|1|0.5|24,False,False,False,cash_gate_veto,cash_gate_veto,1.1251098569181384,-0.0992560151525268,-1.2243658720706652,0.0,0.0,0.0,73,0,0,85,0.8007567942377193,0.2858260475040275,12.698612637715796,decision_score
broad_2022_2026_monthly,fresh_combined,9,2023-08-27T09:50:00,2023-09-26T09:50:00,mom_96|long_only|3|0.5|24,mom_96|long_only|3|0.5|24,False,False,False,cash_gate_veto,cash_gate_veto,-9.135574320477613,-8.611376580314012,0.5241977401636007,0.0,0.0,0.0,219,0,0,219,0.8007567942377193,0.2444124927368593,7.571151648482231,decision_score
broad_2022_2026_monthly,fresh_combined,10,2023-09-26T09:50:00,2023-10-26T09:50:00,voladj_mom_96|long_only|1|0.5|24,voladj_mom_96|long_only|1|0.5|24,False,False,False,cash_gate_veto,cash_gate_veto,-10.593953347768782,-10.134009609084629,0.45994373868415295,0.0,0.0,0.0,75,2,0,81,0.7176738465328246,0.2057183041990607,5.689865969992304,"decision_score,catastrophic_regime_risk"
broad_2022_2026_monthly,fresh_combined,11,2023-10-26T09:50:00,2023-11-25T09:50:00,voladj_mom_96|short_only|1|0.5|24,mom_96|long_short|3|0.5|24,True,False,False,cash_gate_veto,cash_gate_veto,-12.05776837885072,-1.6272014522478506,10.43056692660287,0.0,0.0,0.0,417,22,23,205,0.7901421160448072,0.2566702717983452,2.8780122856041053,decision_score
broad_2022_2026_monthly,fresh_combined,17,2024-04-23T09:50:00,2024-05-23T09:50:00,mom_48|long_only|1|0.5|24,mom_96|long_only|3|0.5|24,True,True,False,alpha_policy,cash_gate_veto,-0.4954212646312794,-3.088269885009287,-2.5928486203780077,-0.4954212646312794,0.0,0.4954212646312794,215,0,4,217,0.8033502198143726,0.2993599485946963,12.529938596568696,decision_score
broad_2022_2026_monthly,fresh_combined,18,2024-05-23T09:50:00,2024-06-22T09:50:00,mom_96|long_only|1|0.5|24,mom_96|long_only|1|0.5|24,False,False,False,cash_gate_veto,cash_gate_veto,-4.167648633777732,-3.477353928466842,0.6902947053108903,0.0,0.0,0.0,73,0,0,83,0.8351291446557194,0.3786902393185606,21.91319604442544,"decision_score,catastrophic_regime_risk"
broad_2022_2026_monthly,fresh_combined,19,2024-06-22T09:50:00,2024-07-22T09:50:00,mom_96|long_only|1|1.5|24,mom_96|long_only|1|1.5|24,False,False,False,cash_gate_veto,cash_gate_veto,-21.819106318882653,-20.69203282030769,1.127073498574962,0.0,0.0,0.0,70,0,0,71,0.6245042161443799,0.2537203584138335,6.390311490921747,"decision_score,catastrophic_regime_risk"
broad_2022_2026_monthly,fresh_combined,20,2024-07-22T09:50:00,2024-08-21T09:50:00,mom_96|long_only|1|0.5|24,mom_96|long_only|1|0.5|24,False,False,False,cash_gate_veto,cash_gate_veto,-16.212976458685514,-14.691601125433827,1.5213753332516866,0.0,0.0,0.0,73,3,0,83,0.786235366939328,0.3672758818047592,10.394833981990814,"decision_score,catastrophic_regime_risk"
broad_2022_2026_monthly,fresh_combined,21,2024-08-21T09:50:00,2024-09-20T09:50:00,mom_96|short_only|1|0.5|24,mom_96|long_short|1|0.5|24,True,False,False,cash_gate_veto,cash_gate_veto,21.225164238304693,8.182851337139162,-13.04231290116553,0.0,0.0,0.0,154,0,0,83,0.8077418167459598,0.3941525939296082,12.18432846007409,"decision_score,catastrophic_regime_risk"
broad_2022_2026_monthly,fresh_combined,28,2025-03-19T09:50:00,2025-04-18T09:50:00,mom_96|short_only|3|0.5|24,voladj_mom_96|long_short|3|0.5|24,True,False,False,cash_gate_veto,cash_gate_veto,0.4482900343927287,-6.469033317013384,-6.917323351406113,0.0,0.0,0.0,630,12,0,319,0.8610291734121175,0.2649200081584788,3.972990713386892,decision_score
broad_2022_2026_monthly,fresh_combined,29,2025-04-18T09:50:00,2025-05-18T09:50:00,mom_96|long_only|1|1.5|24,mom_96|long_only|1|1.5|24,False,False,False,cash_gate_veto,cash_gate_veto,-38.523470797157024,-36.73213524772693,1.7913355494300944,0.0,0.0,0.0,95,1,0,110,0.8610291734121175,0.3287193437014058,11.094103836350971,"decision_score,catastrophic_regime_risk"
broad_2022_2026_monthly,fresh_combined,35,2025-10-15T09:50:00,2025-11-14T09:50:00,mom_96|long_short|1|0.5|24,mom_96|long_only|1|0.5|24,True,False,False,cash_gate_veto,cash_gate_veto,-9.993423839444317,-10.904725538328242,-0.9113016988839249,0.0,0.0,0.0,102,0,0,103,0.8536960767756503,0.3925448736058275,29.293175655252792,"decision_score,catastrophic_regime_risk"
broad_2022_2026_monthly,fresh_combined,39,2026-02-12T09:50:00,2026-03-14T09:50:00,voladj_mom_96|short_only|3|0.5|24,mom_48|long_only|1|0.5|24,True,False,False,cash_gate_veto,cash_gate_veto,-6.844418295783584,-2.728455392796936,4.115962902986649,0.0,0.0,0.0,100,0,0,109,0.7218136771808215,0.2982964747572136,8.543476819992065,decision_score
broad_2022_2026_monthly,fresh_combined,40,2026-03-14T09:50:00,2026-04-13T09:50:00,mom_96|long_only|1|0.5|24,mom_96|long_only|1|0.5|24,False,False,False,cash_gate_veto,cash_gate_veto,-17.546843448274462,-16.573972497864474,0.9728709504099875,0.0,0.0,0.0,104,0,0,108,0.847021593730463,0.3027888545104213,9.407087988578356,decision_score
broad_2022_2026_monthly,fresh_combined,41,2026-04-13T09:50:00,2026-05-13T09:50:00,voladj_mom_96|long_only|3|0.5|24,voladj_mom_96|long_only|3|0.5|24,False,False,False,cash_gate_veto,cash_gate_veto,-11.8485712003337,-10.484947571013404,1.363623629320296,0.0,0.0,0.0,318,0,0,318,0.8593754396195197,0.2547020674502351,7.604984742290568,"decision_score,catastrophic_regime_risk"
broad_2022_2026_monthly,fresh_target_only,5,2023-04-29T09:50:00,2023-05-29T09:50:00,voladj_mom_96|long_only|3|0.5|24,voladj_mom_96|long_only|3|0.5|24,False,False,False,cash_gate_veto,cash_gate_veto,-1.9890676139675436,-1.27960033546195,0.7094672785055935,0.0,0.0,0.0,189,0,0,189,0.8475069633545763,0.2337944953361432,10.84881727657621,decision_score
broad_2022_2026_monthly,fresh_target_only,6,2023-05-29T09:50:00,2023-06-28T09:50:00,mom_48|long_only|1|0.5|24,mom_48|long_only|1|0.5|24,False,False,False,cash_gate_veto,cash_gate_veto,0.1143860510341765,-0.0508883881613297,-0.1652744391955062,0.0,0.0,0.0,73,0,0,73,0.6847056376945992,0.338470459831463,8.461761474609375,decision_score
broad_2022_2026_monthly,fresh_target_only,7,2023-06-28T09:50:00,2023-07-28T09:50:00,mom_48|long_only|1|0.5|24,mom_48|long_only|1|0.5|24,False,False,False,cash_gate_veto,cash_gate_veto,-2.325161749982452,-1.015510209071968,1.309651540910484,0.0,0.0,0.0,77,0,0,77,0.8109008388906142,0.3654037997864632,12.24136042904544,decision_score
broad_2022_2026_monthly,fresh_target_only,8,2023-07-28T09:50:00,2023-08-27T09:50:00,mom_48|long_only|1|0.5|24,mom_48|long_only|1|0.5|24,False,False,False,cash_gate_veto,cash_gate_veto,1.1251098569181384,0.3611055205583691,-0.7640043363597693,0.0,0.0,0.0,73,0,0,73,0.8007567942377193,0.2858260475040275,10.432544963000572,decision_score
broad_2022_2026_monthly,fresh_target_only,9,2023-08-27T09:50:00,2023-09-26T09:50:00,mom_96|long_only|3|0.5|24,mom_96|long_only|3|0.5|24,False,False,False,cash_gate_veto,cash_gate_veto,-9.135574320477613,-8.611376580314012,0.5241977401636007,0.0,0.0,0.0,219,0,0,219,0.8007567942377193,0.2444124927368593,7.571151648482231,decision_score
broad_2022_2026_monthly,fresh_target_only,10,2023-09-26T09:50:00,2023-10-26T09:50:00,voladj_mom_96|long_only|1|0.5|24,mom_48|long_only|3|0.5|24,True,False,False,cash_gate_veto,cash_gate_veto,-10.593953347768782,-1.2799801139976474,9.313973233771135,0.0,0.0,0.0,227,3,1,227,0.7901421160448072,0.2587577089916997,6.288251396897551,"decision_score,catastrophic_regime_risk"
broad_2022_2026_monthly,fresh_target_only,17,2024-04-23T09:50:00,2024-05-23T09:50:00,mom_48|long_only|1|0.5|24,mom_96|long_only|3|0.5|24,True,True,False,alpha_policy,cash_gate_veto,-0.4954212646312794,-3.0731018648588737,-2.5776806002275943,-0.4954212646312794,0.0,0.4954212646312794,215,0,4,215,0.8033502198143726,0.2993599485946963,12.475362624207587,decision_score
broad_2022_2026_monthly,fresh_target_only,18,2024-05-23T09:50:00,2024-06-22T09:50:00,mom_96|long_only|1|0.5|24,mom_96|long_only|1|0.5|24,False,False,False,cash_gate_veto,cash_gate_veto,-4.167648633777732,-3.502895261148875,0.6647533726288573,0.0,0.0,0.0,73,0,0,73,0.8351291446557194,0.3786902393185606,21.422364858731832,"decision_score,catastrophic_regime_risk"
broad_2022_2026_monthly,fresh_target_only,19,2024-06-22T09:50:00,2024-07-22T09:50:00,mom_96|long_only|1|1.5|24,mom_96|long_only|1|1.5|24,False,False,False,cash_gate_veto,cash_gate_veto,-21.819106318882653,-20.70796767943651,1.1111386394461427,0.0,0.0,0.0,70,0,0,70,0.6245042161443799,0.2537203584138335,6.343008904230027,"decision_score,catastrophic_regime_risk"
broad_2022_2026_monthly,fresh_target_only,20,2024-07-22T09:50:00,2024-08-21T09:50:00,mom_96|long_only|1|0.5|24,mom_96|long_only|1|0.5|24,False,False,False,cash_gate_veto,cash_gate_veto,-16.212976458685514,-14.76809418856052,1.4448822701249942,0.0,0.0,0.0,73,3,0,73,0.786235366939328,0.3672758818047592,8.819453888817838,"decision_score,catastrophic_regime_risk"
broad_2022_2026_monthly,fresh_target_only,29,2025-04-18T09:50:00,2025-05-18T09:50:00,mom_96|long_only|1|1.5|24,mom_96|long_only|1|1.5|24,False,False,False,cash_gate_veto,cash_gate_veto,-38.523470797157024,-36.80362962741578,1.719841169741244,0.0,0.0,0.0,95,1,0,95,0.8610291734121175,0.3287193437014058,10.584701183769438,"decision_score,catastrophic_regime_risk"
broad_2022_2026_monthly,fresh_target_only,35,2025-10-15T09:50:00,2025-11-14T09:50:00,mom_96|long_short|1|0.5|24,mom_96|long_only|1|0.5|24,True,False,False,cash_gate_veto,cash_gate_veto,-9.993423839444317,-10.911948652176228,-0.9185248127319117,0.0,0.0,0.0,102,0,0,102,0.8536960767756503,0.3925448736058275,29.20190458204232,"decision_score,catastrophic_regime_risk"
broad_2022_2026_monthly,fresh_target_only,39,2026-02-12T09:50:00,2026-03-14T09:50:00,voladj_mom_96|short_only|3|0.5|24,mom_48|long_only|1|0.5|24,True,False,False,cash_gate_veto,cash_gate_veto,-6.844418295783584,-3.1139173560620126,3.730500939721572,0.0,0.0,0.0,100,0,0,100,0.7218136771808215,0.2982964747572136,7.457411587238312,decision_score
broad_2022_2026_monthly,fresh_target_only,40,2026-03-14T09:50:00,2026-04-13T09:50:00,mom_96|long_only|1|0.5|24,mom_96|long_only|1|0.5|24,False,False,False,cash_gate_veto,cash_gate_veto,-17.546843448274462,-16.534645670161098,1.0121977781133644,0.0,0.0,0.0,104,0,0,104,0.847021593730463,0.3027888545104213,9.08557606431154,decision_score
broad_2022_2026_monthly,fresh_target_only,41,2026-04-13T09:50:00,2026-05-13T09:50:00,voladj_mom_96|long_only|3|0.5|24,voladj_mom_96|long_only|3|0.5|24,False,False,False,cash_gate_veto,cash_gate_veto,-11.8485712003337,-10.484947571013404,1.363623629320296,0.0,0.0,0.0,318,0,0,318,0.8593754396195197,0.2547020674502351,7.604984742290568,"decision_score,catastrophic_regime_risk"
broad_2022_2026_monthly,old_artifact_target_only,29,2025-04-18T09:50:00,2025-05-18T09:50:00,mom_96|long_only|1|1.5|24,mom_96|long_only|1|1.5|24,False,False,False,cash_gate_veto,cash_gate_veto,-38.523470797157024,-36.18986169467887,2.3336091024781567,0.0,0.0,0.0,35,61,0,35,0.8764209338909403,0.5272619548851627,8.093960252073076,"decision_score,catastrophic_regime_risk"
broad_2022_2026_monthly,old_artifact_target_only,35,2025-10-15T09:50:00,2025-11-14T09:50:00,mom_96|long_short|1|0.5|24,mom_96|long_only|1|0.5|24,True,False,False,cash_gate_veto,cash_gate_veto,-9.993423839444317,-9.798050935994052,0.1953729034502647,0.0,0.0,0.0,0,86,16,0,,,0.0,"decision_score,catastrophic_regime_risk"
default_2026,fresh_candidate_only,5,2026-02-28T00:00:00,2026-03-07T00:00:00,mom_48|short_only|1|0.5|24,voladj_rev_12|long_short|1|0.5|24,True,False,False,cash_gate_veto,cash_gate_veto,0.1360547501394249,-0.8857420695508655,-1.0217968196902905,0.0,0.0,0.0,52,0,0,0,0.4551067217342188,0.2044509853817351,0.0,decision_score
default_2026,fresh_candidate_only,6,2026-03-07T00:00:00,2026-03-14T00:00:00,mom_48|short_only|1|0.5|24,neural_ensemble|long_short|1|0.5|24,True,False,False,cash_gate_veto,cash_gate_veto,-0.4729598897814657,-3.3000504991138047,-2.827090609332339,0.0,0.0,0.0,44,0,0,0,0.6709715067952571,0.265985845912904,0.0,decision_score
default_2026,fresh_combined,1,2026-01-31T00:00:00,2026-02-07T00:00:00,voladj_mom_96|long_only|1|1.5|24,voladj_mom_96|long_only|1|1.5|24,False,True,True,alpha_policy,alpha_policy,-4.197525005726,-4.046040097558656,0.15148490816734395,-4.197525005726,-4.046040097558656,0.15148490816734395,26,0,0,26,0.5385754610436817,0.2613599176458127,6.5339968754695015,
default_2026,fresh_combined,2,2026-02-07T00:00:00,2026-02-14T00:00:00,mom_96|long_only|3|1.5|24,mom_96|long_only|3|1.5|24,False,False,False,cash_gate_veto,cash_gate_veto,-8.755605265106848,-8.015919022688722,0.7396862424181254,0.0,0.0,0.0,78,0,0,78,0.7218136771808215,0.2199341667246001,5.498353334573599,"decision_score,catastrophic_regime_risk"
default_2026,fresh_combined,3,2026-02-14T00:00:00,2026-02-21T00:00:00,voladj_mom_96|long_only|1|0.5|24,rev_96|long_only|3|0.5|24,True,False,False,cash_gate_veto,cash_gate_veto,-1.9726250781263888,-0.6383967117415845,1.3342283663848042,0.0,0.0,0.0,66,0,0,66,0.7218136771808215,0.2471369580103251,6.178420782089233,decision_score
default_2026,fresh_combined,4,2026-02-21T00:00:00,2026-02-28T00:00:00,voladj_mom_96|long_only|1|1.5|24,voladj_mom_96|long_only|1|0.5|24,True,False,False,cash_gate_veto,cash_gate_veto,-5.164120832268814,-2.030174117982275,3.133946714286539,0.0,0.0,0.0,24,0,0,27,0.7218136771808215,0.2377443899461059,7.672447462876637,decision_score
default_2026,fresh_combined,5,2026-02-28T00:00:00,2026-03-07T00:00:00,mom_48|short_only|1|0.5|24,voladj_rev_12|long_short|1|0.5|24,True,False,False,cash_gate_veto,cash_gate_veto,0.1360547501394249,-0.8769699625949423,-1.0130247127343672,0.0,0.0,0.0,52,0,0,26,0.4551067217342188,0.2044509853817351,2.5556369469716,decision_score
default_2026,fresh_combined,6,2026-03-07T00:00:00,2026-03-14T00:00:00,mom_48|short_only|1|0.5|24,neural_ensemble|long_short|1|0.5|24,True,False,False,cash_gate_veto,cash_gate_veto,-0.4729598897814657,-3.159613176084475,-2.686653286303009,0.0,0.0,0.0,44,0,0,22,0.6709715067952571,0.265985845912904,3.3248232169584795,decision_score
default_2026,fresh_combined,7,2026-03-14T00:00:00,2026-03-21T00:00:00,mom_96|long_only|3|1.5|24,mom_96|long_only|3|1.5|24,False,False,False,cash_gate_veto,cash_gate_veto,-7.460313314493627,-6.9259748031659125,0.5343385113277144,0.0,0.0,0.0,78,0,0,78,0.4431954452433226,0.2028146237758627,5.070365697909624,decision_score
default_2026,fresh_combined,8,2026-03-21T00:00:00,2026-03-28T00:00:00,rev_12|long_short|1|0.5|24,neural_ensemble|long_only|3|0.5|24,True,False,False,cash_gate_veto,cash_gate_veto,-0.9430750824675148,-3.59161842580783,-2.648543343340315,0.0,0.0,0.0,66,0,0,66,0.6015243470114539,0.2573441730943857,6.433599916371432,decision_score
default_2026,fresh_combined,18,2026-05-30T00:00:00,2026-06-06T00:00:00,neural_ensemble|short_only|3|1.5|24,rev_96|long_only|1|0.5|24,True,False,False,cash_gate_veto,cash_gate_veto,-10.224148901973162,-0.8800868551145702,9.344062046858593,0.0,0.0,0.0,26,0,0,33,0.7563741760831492,0.3050576805566098,11.195427179336548,"decision_score,catastrophic_regime_risk"
default_2026,fresh_target_only,1,2026-01-31T00:00:00,2026-02-07T00:00:00,voladj_mom_96|long_only|1|1.5|24,voladj_mom_96|long_only|1|1.5|24,False,True,True,alpha_policy,alpha_policy,-4.197525005726,-4.046040097558656,0.15148490816734395,-4.197525005726,-4.046040097558656,0.15148490816734395,26,0,0,26,0.5385754610436817,0.2613599176458127,6.5339968754695015,
default_2026,fresh_target_only,2,2026-02-07T00:00:00,2026-02-14T00:00:00,mom_96|long_only|3|1.5|24,mom_96|long_only|3|1.5|24,False,False,False,cash_gate_veto,cash_gate_veto,-8.755605265106848,-8.015919022688722,0.7396862424181254,0.0,0.0,0.0,78,0,0,78,0.7218136771808215,0.2199341667246001,5.498353334573599,"decision_score,catastrophic_regime_risk"
default_2026,fresh_target_only,3,2026-02-14T00:00:00,2026-02-21T00:00:00,voladj_mom_96|long_only|1|0.5|24,rev_96|long_only|3|0.5|24,True,False,False,cash_gate_veto,cash_gate_veto,-1.9726250781263888,-0.6383967117415845,1.3342283663848042,0.0,0.0,0.0,66,0,0,66,0.7218136771808215,0.2471369580103251,6.178420782089233,decision_score
default_2026,fresh_target_only,4,2026-02-21T00:00:00,2026-02-28T00:00:00,voladj_mom_96|long_only|1|1.5|24,voladj_mom_96|long_only|1|0.5|24,True,False,False,cash_gate_veto,cash_gate_veto,-5.164120832268814,-1.864858829556737,3.2992620027120774,0.0,0.0,0.0,24,0,0,24,0.7218136771808215,0.2377443899461059,5.943608780701955,decision_score
default_2026,fresh_target_only,6,2026-03-07T00:00:00,2026-03-14T00:00:00,mom_48|short_only|1|0.5|24,neural_ensemble|long_short|1|0.5|24,True,False,False,cash_gate_veto,cash_gate_veto,-0.4729598897814657,-3.159613176084475,-2.686653286303009,0.0,0.0,0.0,44,0,0,22,0.6709715067952571,0.265985845912904,3.3248232169584795,decision_score
default_2026,fresh_target_only,7,2026-03-14T00:00:00,2026-03-21T00:00:00,mom_96|long_only|3|1.5|24,mom_96|long_only|3|1.5|24,False,False,False,cash_gate_veto,cash_gate_veto,-7.460313314493627,-6.9259748031659125,0.5343385113277144,0.0,0.0,0.0,78,0,0,78,0.4431954452433226,0.2028146237758627,5.070365697909624,decision_score
default_2026,fresh_target_only,8,2026-03-21T00:00:00,2026-03-28T00:00:00,rev_12|long_short|1|0.5|24,rev_12|long_short|1|0.5|24,False,False,False,cash_gate_veto,cash_gate_veto,-0.9430750824675148,-0.6867928748433783,0.25628220762413656,0.0,0.0,0.0,44,0,0,22,0.6709715067952571,0.3395909583745728,4.244886474175886,decision_score
y2025_full_year,fresh_combined,4,2025-03-30T00:00:00,2025-04-29T00:00:00,mom_96|long_only|1|1.5|24,mom_96|long_only|1|1.5|24,False,False,False,cash_gate_veto,cash_gate_veto,-38.74138145624043,-31.974265993899408,6.767115462341025,0.0,0.0,0.0,104,1,0,116,0.8610291734121175,0.3545825536133484,12.163656628321087,"decision_score,catastrophic_regime_risk"
y2025_full_year,fresh_combined,7,2025-06-28T00:00:00,2025-07-28T00:00:00,mom_96|short_only|1|0.5|24,mom_96|short_only|1|0.5|24,False,True,False,alpha_policy,cash_gate_veto,-0.6190142867889881,-0.6190142867889881,0.0,-0.6190142867889881,0.0,0.6190142867889881,108,0,0,0,0.8184623434308018,,0.0,decision_score
y2025_full_year,fresh_combined,8,2025-07-28T00:00:00,2025-08-27T00:00:00,rev_96|short_only|1|0.5|24,rev_96|long_short|1|0.5|24,True,False,False,cash_gate_veto,cash_gate_veto,-13.168619887291811,-8.16266659921454,5.00595328807727,0.0,0.0,0.0,204,0,0,118,0.8581781389460228,0.2920634538618453,6.431971928652595,decision_score
y2025_full_year,fresh_combined,9,2025-08-27T00:00:00,2025-09-26T00:00:00,mom_96|short_only|1|0.5|24,mom_96|long_short|3|0.5|24,True,False,False,cash_gate_veto,cash_gate_veto,-3.543212773302673,-4.408314773161548,-0.8651019998588749,0.0,0.0,0.0,636,0,0,318,0.7809109305836371,0.274614801465761,3.4326809194852723,decision_score
y2025_full_year,fresh_combined,10,2025-09-26T00:00:00,2025-10-26T00:00:00,mom_96|long_short|1|0.5|24,mom_96|long_short|1|0.5|24,False,False,False,cash_gate_veto,cash_gate_veto,1.0533792383392138,1.512467970889109,0.45908873254989513,0.0,0.0,0.0,214,0,0,109,0.8377519575739913,0.3652369860589054,12.44092461104705,"decision_score,catastrophic_regime_risk"
y2025_full_year,fresh_gate_only,7,2025-06-28T00:00:00,2025-07-28T00:00:00,mom_96|short_only|1|0.5|24,mom_96|short_only|1|0.5|24,False,True,False,alpha_policy,cash_gate_veto,-0.6190142867889881,-0.6190142867889881,0.0,-0.6190142867889881,0.0,0.6190142867889881,108,0,0,0,0.8184623434308018,,0.0,decision_score
y2025_full_year,fresh_target_only,4,2025-03-30T00:00:00,2025-04-29T00:00:00,mom_96|long_only|1|1.5|24,mom_96|long_only|1|1.5|24,False,False,False,cash_gate_veto,cash_gate_veto,-38.74138145624043,-32.340347451400355,6.401034004840078,0.0,0.0,0.0,104,1,0,104,0.8610291734121175,0.3545825536133484,11.769635639493428,"decision_score,catastrophic_regime_risk"
y2025_full_year,fresh_target_only,10,2025-09-26T00:00:00,2025-10-26T00:00:00,mom_96|long_short|1|0.5|24,mom_96|long_short|1|0.5|24,False,False,False,cash_gate_veto,cash_gate_veto,1.0533792383392138,1.4931923225572907,0.43981308421807697,0.0,0.0,0.0,214,0,0,107,0.8377519575739913,0.3652369860589054,12.347386540653549,"decision_score,catastrophic_regime_risk"
y2025_full_year,old_artifact_target_only,4,2025-03-30T00:00:00,2025-04-29T00:00:00,mom_96|long_only|1|1.5|24,mom_96|long_only|1|1.5|24,False,False,False,cash_gate_veto,cash_gate_veto,-38.74138145624043,-38.29650377276263,0.4448776834778059,0.0,0.0,0.0,36,69,0,36,0.8319263787542861,0.5662572991169131,7.121973870292543,"decision_score,catastrophic_regime_risk"
y2025_full_year,old_artifact_target_only,10,2025-09-26T00:00:00,2025-10-26T00:00:00,mom_96|long_short|1|0.5|24,mom_96|long_short|1|0.5|24,False,False,False,cash_gate_veto,cash_gate_veto,1.0533792383392138,1.266646521230319,0.2132672828911053,0.0,0.0,0.0,21,178,15,18,0.6232771586080313,0.3068308279914711,0.6452054063850474,"decision_score,catastrophic_regime_risk"
ydex_transition,fresh_candidate_only,3,2024-08-28T00:00:00,2024-09-27T00:00:00,mom_96|short_only|1|0.5|24,rev_12|long_only|1|0.5|24,True,False,False,cash_gate_veto,cash_gate_veto,0.3127661418325322,-23.82383596175285,-24.136602103585382,0.0,0.0,0.0,76,1,0,0,0.8077418167459598,0.4082363044752879,0.0,"decision_score,catastrophic_regime_risk"
ydex_transition,fresh_combined,1,2024-06-29T00:00:00,2024-07-29T00:00:00,mom_96|long_only|1|1.5|24,mom_96|long_only|1|1.5|24,False,False,False,cash_gate_veto,cash_gate_veto,-22.790521186283357,-21.2776896882349,1.512831498048456,0.0,0.0,0.0,70,0,0,72,0.786235366939328,0.2709786567131843,7.318211964198521,"decision_score,catastrophic_regime_risk"
ydex_transition,fresh_combined,2,2024-07-29T00:00:00,2024-08-28T00:00:00,mom_96|long_only|1|1.5|24,mom_96|long_only|1|1.5|24,False,False,False,cash_gate_veto,cash_gate_veto,-43.32746334643212,-39.96871014027178,3.358753206160337,0.0,0.0,0.0,72,4,0,78,0.6842678331083434,0.3148973099376633,8.264015118281046,"decision_score,catastrophic_regime_risk"
ydex_transition,fresh_combined,3,2024-08-28T00:00:00,2024-09-27T00:00:00,mom_96|short_only|1|0.5|24,neural_ensemble|long_short|1|0.5|24,True,False,False,cash_gate_veto,cash_gate_veto,0.3127661418325322,5.497821742772979,5.185055600940447,0.0,0.0,0.0,153,1,0,83,0.8077418167459598,0.3546156778391267,8.16643408366612,"decision_score,catastrophic_regime_risk"
ydex_transition,fresh_target_only,1,2024-06-29T00:00:00,2024-07-29T00:00:00,mom_96|long_only|1|1.5|24,mom_96|long_only|1|1.5|24,False,False,False,cash_gate_veto,cash_gate_veto,-22.790521186283357,-21.326687957566747,1.4638332287166094,0.0,0.0,0.0,70,0,0,70,0.786235366939328,0.2709786567131843,6.774466491880871,"decision_score,catastrophic_regime_risk"
ydex_transition,fresh_target_only,2,2024-07-29T00:00:00,2024-08-28T00:00:00,mom_96|long_only|1|1.5|24,mom_96|long_only|1|1.5|24,False,False,False,cash_gate_veto,cash_gate_veto,-43.32746334643212,-39.9182099287816,3.4092534176505183,0.0,0.0,0.0,72,4,0,72,0.6842678331083434,0.3148973099376633,7.458093814682543,"decision_score,catastrophic_regime_risk"
