ticker,prediction_count,first_decision_date,last_decision_date,mean_p_high,max_p_high,latest_risk_class,latest_p_low,latest_p_medium,latest_p_high,latest_feature_coverage
ASTR,31,2023-12-29,2026-06-19,0.31376831561361523,0.8377519575739913,high,0.0430773115425594,0.1309213084925392,0.8260013799649014,1.0
WUSH,41,2023-02-28,2026-06-19,0.587295135073417,0.8536960767756503,high,0.0458119975668065,0.1419884920510095,0.8121995103821839,1.0
MTLR,46,2022-09-30,2026-06-19,0.40517380327136154,0.7827216750139818,high,0.0514791655324279,0.1657991594535902,0.7827216750139818,1.0
RNFT,46,2022-09-30,2026-06-19,0.5113487981288474,0.8146471887084173,high,0.0544550559305213,0.1787835219941792,0.7667614220752993,1.0
HYDR,46,2022-09-30,2026-06-19,0.22124468598163896,0.7176738465328246,high,0.070261461372872,0.2537180081423489,0.676020530484779,1.0
SMLT,46,2022-09-30,2026-06-19,0.38524854945879755,0.7676053662121756,high,0.0707437770123944,0.256175965921724,0.6730802570658815,1.0
FEES,45,2022-09-30,2026-06-19,0.33465848032959594,0.8007567942377193,high,0.0746841934654615,0.2766818996419543,0.648633906892584,1.0
ENPG,46,2022-09-30,2026-06-19,0.48770258759579455,0.847021593730463,high,0.0749611716886471,0.2781527070074834,0.6468861213038694,1.0
UGLD,30,2024-01-31,2026-06-19,0.4000355906057763,0.8581781389460228,high,0.076830466740063,0.2881846048442146,0.6349849284157224,1.0
SGZH,46,2022-09-30,2026-06-19,0.49589272059654194,0.8593754396195197,high,0.079524865279922,0.302980892836154,0.6174942418839239,1.0
ALRS,46,2022-09-30,2026-06-19,0.19213551031353357,0.4992464776148916,high,0.0964384111544462,0.4072000460041059,0.4963615428414478,1.0
RUAL,46,2022-09-30,2026-06-19,0.2242223587962592,0.6055165327144292,high,0.1015226857653914,0.4438480519784595,0.4546292622561489,1.0
IRAO,46,2022-09-30,2026-06-19,0.13213400514243476,0.598236291332303,medium,0.1059743915144903,0.479142225686098,0.4148833827994116,1.0
CBOM,46,2022-09-30,2026-06-19,0.30533817330522717,0.8577569283080893,medium,0.1060243912834312,0.4795600754106485,0.4144155333059201,1.0
POSI,46,2022-09-30,2026-06-19,0.2828932242683263,0.805747597617313,medium,0.1064710688286122,0.4833172614655299,0.4102116697058577,1.0
SPBE,46,2022-09-30,2026-06-19,0.5531087247191525,0.8953579317374342,medium,0.1160243845381005,0.5799839208886235,0.3039916945732759,1.0
BSPB,46,2022-09-30,2026-06-19,0.2545202953838905,0.7882366630206972,medium,0.1181332961392762,0.6099723420358889,0.2718943618248348,1.0
MGNT,46,2022-09-30,2026-06-19,0.17428549028633405,0.4854355568346583,medium,0.1212356442861783,0.6932121777779177,0.185552177935904,1.0
MAGN,46,2022-09-30,2026-06-19,0.19255642413707294,0.5890481035652352,medium,0.1211827254670598,0.7174473278860428,0.1613699466468973,1.0
CHMF,46,2022-09-30,2026-06-19,0.1833097402804432,0.4987219512561356,medium,0.1211320178222857,0.7208859972297114,0.1579819849480027,1.0
NLMK,46,2022-09-30,2026-06-19,0.19522934948347606,0.5089774287464252,medium,0.1208545443666545,0.7331774132727926,0.1459680423605528,1.0
RAGR,16,2025-03-31,2026-06-19,0.4031834723114331,0.8610291734121175,medium,0.1206031343939204,0.740781176972454,0.1386156886336254,1.0
OZON,43,2022-09-30,2026-06-19,0.252359566918429,0.513012919810262,medium,0.1755051327386388,0.7032189462080761,0.1212759210532849,1.0
VKCO,44,2022-09-30,2026-06-19,0.3718844418365341,0.7607782653895422,medium,0.1675062866051475,0.711247793059614,0.1212459203352382,1.0
LKOH,46,2022-09-30,2026-06-19,0.11099951874498304,0.3944873901501167,medium,0.164281949679403,0.7145008285879604,0.1212172217326367,1.0
VTBR,46,2022-09-30,2026-06-19,0.13423135835624594,0.4708614554709956,medium,0.1637493967919308,0.7150390744599994,0.1212115287480697,1.0
PIKK,46,2022-09-30,2026-06-19,0.3244856817450444,0.8025494691139561,medium,0.1584994519783427,0.7203600350885332,0.121140512933124,1.0
RTKM,46,2022-09-30,2026-06-19,0.2660147989778488,0.644524032078716,medium,0.1457259414120117,0.733426761131527,0.1208472974564611,1.0
GMKN,46,2022-09-30,2026-06-19,0.16949606764112826,0.4387365668459599,medium,0.2173198244545716,0.6620692209962488,0.1206109545491796,1.0
PHOR,46,2022-09-30,2026-06-19,0.11134736135636683,0.1757930602833895,medium,0.2226407779476518,0.6569182696339522,0.120440952418396,1.0
ROSN,46,2022-09-30,2026-06-19,0.1086334632576017,0.1457864356348893,medium,0.1338122910770212,0.7457854848540619,0.1204022240689167,1.0
FLOT,46,2022-09-30,2026-06-19,0.26410929500518326,0.6025444297369118,medium,0.1263323141321419,0.7536407901289269,0.120026895738931,1.0
NVTK,46,2022-09-30,2026-06-19,0.13181791128604958,0.4142627982646467,medium,0.1235675739591078,0.7565647824489781,0.1198676435919141,1.0
TATN,46,2022-09-30,2026-06-19,0.13385477182482394,0.5463231016651828,medium,0.1225180367191174,0.757677821485088,0.1198041417957945,1.0
SNGS,46,2022-09-30,2026-06-19,0.17892456405633933,0.4482492223699237,medium,0.2451931154635264,0.6352674723080575,0.119539412228416,1.0
PLZL,46,2022-09-30,2026-06-19,0.21036970913052183,0.6038203781053725,medium,0.3039916945732757,0.5799839208886238,0.1160243845381005,1.0
SVCB,29,2024-02-29,2026-06-19,0.1739177016111338,0.5381606845563452,medium,0.3048104112569014,0.579224407900691,0.1159651808424076,1.0
AFKS,46,2022-09-30,2026-06-19,0.24314521653891338,0.602042042101094,medium,0.3286418458298355,0.5572246852810738,0.1141334688890907,1.0
HEAD,20,2024-11-29,2026-06-19,0.2081038564208521,0.6127783851303883,medium,0.3428564610142798,0.5441973074254655,0.1129462315602546,1.0
SIBN,46,2022-09-30,2026-06-19,0.1557209036847046,0.5155636993466749,medium,0.3555814873539394,0.5325913552239759,0.1118271574220846,1.0
AFLT,46,2022-09-30,2026-06-19,0.16601414504487663,0.5153395959690712,medium,0.3564667316038033,0.5317858740940157,0.1117473943021809,1.0
GAZP,46,2022-09-30,2026-06-19,0.11327628022067618,0.3097739414974053,low,0.4843433761322707,0.4177127978925488,0.0979438259751804,1.0
T,44,2022-09-30,2026-06-19,0.28382399288629273,0.8475069633545763,low,0.4992464776148919,0.4046813296107392,0.0960721927743688,1.0
CNRU,14,2025-05-31,2026-06-19,0.24624976662830833,0.8127550465467746,low,0.5247007720693088,0.3825380563873781,0.0927611715433131,1.0
DOMRF,7,2025-12-30,2026-06-19,0.09759186853475955,0.1178327042970055,low,0.614773997384362,0.3052877322541726,0.0799382703614653,1.0
YDEX,22,2024-09-30,2026-06-19,0.09745933735997533,0.1212619927006938,low,0.654285892193745,0.2719299237864201,0.0737841840198349,1.0
MOEX,46,2022-09-30,2026-06-19,0.1130012627855568,0.2844617318059159,low,0.6768580220183256,0.2530182282496956,0.0701237497319787,1.0
X5,17,2025-02-28,2026-06-19,0.09950763405394801,0.2776780780807342,low,0.7650521487360307,0.1801777745316961,0.0547700767322731,1.0
MTSS,46,2022-09-30,2026-06-19,0.13088865148069173,0.5301245903143792,low,0.8107442455806705,0.1431585342802948,0.0460972201390345,1.0
SBER,46,2022-09-30,2026-06-19,0.0725468894252648,0.1316775007953741,low,0.8689438775977991,0.0968611529763311,0.0341949694258697,1.0
