period,variant,return_pct,final_equity,max_drawdown_pct,stress_return_pct,windows,trade_windows,cash_only_rate,trade_window_win_rate,worst_trade_window_test_return_pct,gate_veto_window_count,avoided_loss_pct,missed_profit_pct,diplom_changed_rebalance_decisions,diplom_available_rebalance_decisions,diplom_missing_rebalance_decisions,diplom_stale_rebalance_decisions,diplom_risk_weight_pct,diplom_candidate_score_penalty_pct,diplom_gate_penalty_pct,output_dir,return_pct_baseline,final_equity_baseline,max_drawdown_pct_baseline,stress_return_pct_baseline,trade_windows_baseline,cash_only_rate_baseline,return_pct_delta_vs_baseline,final_equity_delta_vs_baseline,max_drawdown_pct_delta_vs_baseline,stress_return_pct_delta_vs_baseline,trade_windows_delta_vs_baseline,cash_only_rate_delta_vs_baseline
default_2026,baseline,-4.197525005726,9580.2474994274,-4.197525005726,-9.119978955793318,19,1,0.9473684210526316,0.0,-4.197525005726,18,64.53891450376932,11.147044396867956,0,0,0,0,0.0,0.0,0.0,outputs\fresh_diplom_risk_backtest_matrix_20260623\default_2026\baseline,-4.197525005726,9580.2474994274,-4.197525005726,-9.119978955793318,1,0.9473684210526316,0.0,0.0,0.0,0.0,0,0.0
default_2026,old_artifact_target_only,-4.197525005726,9580.2474994274,-4.197525005726,-9.119978955793318,19,1,0.9473684210526316,0.0,-4.197525005726,18,64.53891450376932,11.147044396867956,0,0,562,232,25.0,0.0,0.0,outputs\fresh_diplom_risk_backtest_matrix_20260623\default_2026\old_artifact_target_only,-4.197525005726,9580.2474994274,-4.197525005726,-9.119978955793318,1,0.9473684210526316,0.0,0.0,0.0,0.0,0,0.0
default_2026,fresh_target_only,-4.046040097558656,9595.395990244137,-4.046040097558656,-8.659247938969727,19,1,0.9473684210526316,0.0,-4.046040097558656,18,61.06177045960548,11.147044396867956,316,860,0,0,25.0,0.0,0.0,outputs\fresh_diplom_risk_backtest_matrix_20260623\default_2026\fresh_target_only,-4.197525005726,9580.2474994274,-4.197525005726,-9.119978955793318,1,0.9473684210526316,0.1514849081673439,15.14849081673492,0.1514849081673439,0.4607310168235905,0,0.0
default_2026,fresh_candidate_only,-4.197525005726,9580.2474994274,-4.197525005726,-9.119978955793318,19,1,0.9473684210526316,0.0,-4.197525005726,18,68.25174718265252,11.01098964672853,0,842,0,0,0.0,6.0,0.0,outputs\fresh_diplom_risk_backtest_matrix_20260623\default_2026\fresh_candidate_only,-4.197525005726,9580.2474994274,-4.197525005726,-9.119978955793318,1,0.9473684210526316,0.0,0.0,0.0,0.0,0,0.0
default_2026,fresh_gate_only,-4.197525005726,9580.2474994274,-4.197525005726,-9.119978955793318,19,1,0.9473684210526316,0.0,-4.197525005726,18,64.53891450376932,11.147044396867956,0,794,0,0,0.0,0.0,4.0,outputs\fresh_diplom_risk_backtest_matrix_20260623\default_2026\fresh_gate_only,-4.197525005726,9580.2474994274,-4.197525005726,-9.119978955793318,1,0.9473684210526316,0.0,0.0,0.0,0.0,0,0.0
default_2026,fresh_combined,-4.046040097558656,9595.395990244137,-4.046040097558656,-8.659247938969727,19,1,0.9473684210526316,0.0,-4.046040097558656,18,55.66481921473181,11.01098964672853,422,856,0,0,25.0,6.0,4.0,outputs\fresh_diplom_risk_backtest_matrix_20260623\default_2026\fresh_combined,-4.197525005726,9580.2474994274,-4.197525005726,-9.119978955793318,1,0.9473684210526316,0.1514849081673439,15.14849081673492,0.1514849081673439,0.4607310168235905,0,0.0
broad_2022_2026_monthly,baseline,-0.4954212646312794,9950.457873536872,-0.4954212646312794,-5.402610720425615,42,1,0.9761904761904762,0.0,-0.4954212646312794,41,322.5487915082208,62.0929028364084,0,0,0,0,0.0,0.0,0.0,outputs\fresh_diplom_risk_backtest_matrix_20260623\broad_2022_2026_monthly\baseline,-0.4954212646312794,9950.457873536872,-0.4954212646312794,-5.402610720425615,1,0.9761904761904762,0.0,0.0,0.0,0.0,0,0.0
broad_2022_2026_monthly,old_artifact_target_only,-0.4954212646312794,9950.457873536872,-0.4954212646312794,-5.402610720425615,42,1,0.9761904761904762,0.0,-0.4954212646312794,41,320.01980950229233,62.0929028364084,35,222,4864,432,25.0,0.0,0.0,outputs\fresh_diplom_risk_backtest_matrix_20260623\broad_2022_2026_monthly\old_artifact_target_only,-0.4954212646312794,9950.457873536872,-0.4954212646312794,-5.402610720425615,1,0.9761904761904762,0.0,0.0,0.0,0.0,0,0.0
broad_2022_2026_monthly,fresh_target_only,0.0,10000.0,0.0,0.0,42,0,1.0,0.0,0.0,42,303.68707898152564,61.21451244901445,2008,5529,62,27,25.0,0.0,0.0,outputs\fresh_diplom_risk_backtest_matrix_20260623\broad_2022_2026_monthly\fresh_target_only,-0.4954212646312794,9950.457873536872,-0.4954212646312794,-5.402610720425615,1,0.9761904761904762,0.4954212646312794,49.54212646312772,0.4954212646312794,5.402610720425615,-1,0.0238095238095238
broad_2022_2026_monthly,fresh_candidate_only,-0.4954212646312794,9950.457873536872,-0.4954212646312794,-5.402610720425615,42,1,0.9761904761904762,0.0,-0.4954212646312794,41,317.06876502502143,61.64461280201567,0,6495,87,44,0.0,6.0,0.0,outputs\fresh_diplom_risk_backtest_matrix_20260623\broad_2022_2026_monthly\fresh_candidate_only,-0.4954212646312794,9950.457873536872,-0.4954212646312794,-5.402610720425615,1,0.9761904761904762,0.0,0.0,0.0,0.0,0,0.0
broad_2022_2026_monthly,fresh_gate_only,-0.4954212646312794,9950.457873536872,-0.4954212646312794,-5.402610720425615,42,1,0.9761904761904762,0.0,-0.4954212646312794,41,322.5487915082208,62.0929028364084,0,5536,61,23,0.0,0.0,4.0,outputs\fresh_diplom_risk_backtest_matrix_20260623\broad_2022_2026_monthly\fresh_gate_only,-0.4954212646312794,9950.457873536872,-0.4954212646312794,-5.402610720425615,1,0.9761904761904762,0.0,0.0,0.0,0.0,0,0.0
broad_2022_2026_monthly,fresh_combined,0.0,10000.0,0.0,0.0,42,0,1.0,0.0,0.0,42,307.0847784210567,48.76915355524915,2691,6267,87,47,25.0,6.0,4.0,outputs\fresh_diplom_risk_backtest_matrix_20260623\broad_2022_2026_monthly\fresh_combined,-0.4954212646312794,9950.457873536872,-0.4954212646312794,-5.402610720425615,1,0.9761904761904762,0.4954212646312794,49.54212646312772,0.4954212646312794,5.402610720425615,-1,0.0238095238095238
may_2026,baseline,0.0,10000.0,0.0,0.0,1,0,1.0,0.0,0.0,1,24.274329951605576,0.0,0,0,0,0,0.0,0.0,0.0,outputs\fresh_diplom_risk_backtest_matrix_20260623\may_2026\baseline,0.0,10000.0,0.0,0.0,0,1.0,0.0,0.0,0.0,0.0,0,0.0
may_2026,old_artifact_target_only,0.0,10000.0,0.0,0.0,1,0,1.0,0.0,0.0,1,24.274329951605576,0.0,0,0,89,17,25.0,0.0,0.0,outputs\fresh_diplom_risk_backtest_matrix_20260623\may_2026\old_artifact_target_only,0.0,10000.0,0.0,0.0,0,1.0,0.0,0.0,0.0,0.0,0,0.0
may_2026,fresh_target_only,0.0,10000.0,0.0,0.0,1,0,1.0,0.0,0.0,1,24.274329951605576,0.0,0,106,0,0,25.0,0.0,0.0,outputs\fresh_diplom_risk_backtest_matrix_20260623\may_2026\fresh_target_only,0.0,10000.0,0.0,0.0,0,1.0,0.0,0.0,0.0,0.0,0,0.0
may_2026,fresh_candidate_only,0.0,10000.0,0.0,0.0,1,0,1.0,0.0,0.0,1,24.274329951605576,0.0,0,106,0,0,0.0,6.0,0.0,outputs\fresh_diplom_risk_backtest_matrix_20260623\may_2026\fresh_candidate_only,0.0,10000.0,0.0,0.0,0,1.0,0.0,0.0,0.0,0.0,0,0.0
may_2026,fresh_gate_only,0.0,10000.0,0.0,0.0,1,0,1.0,0.0,0.0,1,24.274329951605576,0.0,0,106,0,0,0.0,0.0,4.0,outputs\fresh_diplom_risk_backtest_matrix_20260623\may_2026\fresh_gate_only,0.0,10000.0,0.0,0.0,0,1.0,0.0,0.0,0.0,0.0,0,0.0
may_2026,fresh_combined,0.0,10000.0,0.0,0.0,1,0,1.0,0.0,0.0,1,24.274329951605576,0.0,0,106,0,0,25.0,6.0,4.0,outputs\fresh_diplom_risk_backtest_matrix_20260623\may_2026\fresh_combined,0.0,10000.0,0.0,0.0,0,1.0,0.0,0.0,0.0,0.0,0,0.0
y2025_full_year,baseline,-0.6190142867889881,9938.0985713211,-0.6190142867889881,-6.179311180576718,12,1,0.9166666666666666,0.0,-0.6190142867889881,11,91.39364085002782,52.52445996766248,0,0,0,0,0.0,0.0,0.0,outputs\fresh_diplom_risk_backtest_matrix_20260623\y2025_full_year\baseline,-0.6190142867889881,9938.0985713211,-0.6190142867889881,-6.179311180576718,1,0.9166666666666666,0.0,0.0,0.0,0.0,0,0.0
y2025_full_year,old_artifact_target_only,-0.6190142867889881,9938.0985713211,-0.6190142867889881,-6.179311180576718,12,1,0.9166666666666666,0.0,-0.6190142867889881,11,90.94876316655002,52.73772725055359,54,161,1222,109,25.0,0.0,0.0,outputs\fresh_diplom_risk_backtest_matrix_20260623\y2025_full_year\old_artifact_target_only,-0.6190142867889881,9938.0985713211,-0.6190142867889881,-6.179311180576718,1,0.9166666666666666,0.0,0.0,0.0,0.0,0,0.0
y2025_full_year,fresh_target_only,-0.6190142867889881,9938.0985713211,-0.6190142867889881,-6.179311180576718,12,1,0.9166666666666666,0.0,-0.6190142867889881,11,84.99260684518775,52.96427305188056,211,1470,11,11,25.0,0.0,0.0,outputs\fresh_diplom_risk_backtest_matrix_20260623\y2025_full_year\fresh_target_only,-0.6190142867889881,9938.0985713211,-0.6190142867889881,-6.179311180576718,1,0.9166666666666666,0.0,0.0,0.0,0.0,0,0.0
y2025_full_year,fresh_candidate_only,-0.6190142867889881,9938.0985713211,-0.6190142867889881,-6.179311180576718,12,1,0.9166666666666666,0.0,-0.6190142867889881,11,91.39364085002782,52.52445996766248,0,1470,11,11,0.0,6.0,0.0,outputs\fresh_diplom_risk_backtest_matrix_20260623\y2025_full_year\fresh_candidate_only,-0.6190142867889881,9938.0985713211,-0.6190142867889881,-6.179311180576718,1,0.9166666666666666,0.0,0.0,0.0,0.0,0,0.0
y2025_full_year,fresh_gate_only,0.0,10000.0,0.0,0.0,12,0,1.0,0.0,0.0,12,92.0126551368168,52.52445996766248,0,1470,11,11,0.0,0.0,4.0,outputs\fresh_diplom_risk_backtest_matrix_20260623\y2025_full_year\fresh_gate_only,-0.6190142867889881,9938.0985713211,-0.6190142867889881,-6.179311180576718,1,0.9166666666666666,0.6190142867889881,61.90142867889881,0.6190142867889881,6.179311180576718,-1,0.0833333333333333
y2025_full_year,fresh_combined,0.0,10000.0,0.0,0.0,12,0,1.0,0.0,0.0,12,81.1046883862574,52.98354870021237,661,2102,11,11,25.0,6.0,4.0,outputs\fresh_diplom_risk_backtest_matrix_20260623\y2025_full_year\fresh_combined,-0.6190142867889881,9938.0985713211,-0.6190142867889881,-6.179311180576718,1,0.9166666666666666,0.6190142867889881,61.90142867889881,0.6190142867889881,6.179311180576718,-1,0.0833333333333333
ydex_transition,baseline,0.0,10000.0,0.0,0.0,4,0,1.0,0.0,0.0,4,66.11798453271547,4.286462174915884,0,0,0,0,0.0,0.0,0.0,outputs\fresh_diplom_risk_backtest_matrix_20260623\ydex_transition\baseline,0.0,10000.0,0.0,0.0,0,1.0,0.0,0.0,0.0,0.0,0,0.0
ydex_transition,old_artifact_target_only,0.0,10000.0,0.0,0.0,4,0,1.0,0.0,0.0,4,66.11798453271547,4.286462174915884,0,0,296,0,25.0,0.0,0.0,outputs\fresh_diplom_risk_backtest_matrix_20260623\ydex_transition\old_artifact_target_only,0.0,10000.0,0.0,0.0,0,1.0,0.0,0.0,0.0,0.0,0,0.0
ydex_transition,fresh_target_only,0.0,10000.0,0.0,0.0,4,0,1.0,0.0,0.0,4,61.24489788634835,4.286462174915884,142,288,8,0,25.0,0.0,0.0,outputs\fresh_diplom_risk_backtest_matrix_20260623\ydex_transition\fresh_target_only,0.0,10000.0,0.0,0.0,0,1.0,0.0,0.0,0.0,0.0,0,0.0
ydex_transition,fresh_candidate_only,0.0,10000.0,0.0,0.0,4,0,1.0,0.0,0.0,4,89.94182049446832,3.973696033083352,0,287,9,0,0.0,6.0,0.0,outputs\fresh_diplom_risk_backtest_matrix_20260623\ydex_transition\fresh_candidate_only,0.0,10000.0,0.0,0.0,0,1.0,0.0,0.0,0.0,0.0,0,0.0
ydex_transition,fresh_gate_only,0.0,10000.0,0.0,0.0,4,0,1.0,0.0,0.0,4,66.11798453271547,4.286462174915884,0,288,8,0,0.0,0.0,4.0,outputs\fresh_diplom_risk_backtest_matrix_20260623\ydex_transition\fresh_gate_only,0.0,10000.0,0.0,0.0,0,1.0,0.0,0.0,0.0,0.0,0,0.0
ydex_transition,fresh_combined,0.0,10000.0,0.0,0.0,4,0,1.0,0.0,0.0,4,61.24639982850668,9.47151777585633,233,364,9,0,25.0,6.0,4.0,outputs\fresh_diplom_risk_backtest_matrix_20260623\ydex_transition\fresh_combined,0.0,10000.0,0.0,0.0,0,1.0,0.0,0.0,0.0,0.0,0,0.0
