window_id,split,segment,start_row,end_row,bars,start_equity,end_equity,return_pct,max_drawdown_pct,active_rate,avg_turnover_per_bar,mean_gross_exposure,rebalance_count,stop_exits,take_profit_exits,filter_exits
1,selection,1,0,1005,1006,10000.0,9477.144667281182,-5.228553327188179,-6.037780522580483,0.9761431411530815,0.034956925402341736,0.48807157057654077,41,0,0,0
1,selection,2,1006,2010,1005,9477.144667281182,10611.773919761214,11.972268993605395,-6.991369770302002,1.0,0.038474295388406785,0.5,42,0,0,0
1,selection,3,2011,3015,1005,10611.773919761214,10379.030131266278,-2.1932599606322323,-5.201548811704615,1.0,0.037147595603667684,0.5,42,0,0,0
1,selection,4,3016,4020,1005,10379.030131266278,9827.475183133247,-5.314128017332765,-6.837718871107601,1.0,0.03648424572612516,0.5,42,0,0,0
1,selection,5,4021,5025,1005,9827.475183133247,9917.747905774664,0.9185749234589924,-2.5332038548812497,1.0,0.038805970297523994,0.5,42,0,0,0
2,selection,1,1623,2668,1046,10000.0,10185.356878025881,1.8535687802588185,-4.623619079537866,1.0,0.022466539196940728,0.5,24,0,0,0
2,selection,2,2669,3714,1046,10185.356878025881,9767.739172795895,-4.100177443276087,-6.464529099929351,1.0,0.02390057361376673,0.5,25,0,0,0
2,selection,3,3715,4760,1046,9767.739172795895,9877.089986298624,1.1195099661064134,-2.9389066605146175,1.0,0.02581261950286807,0.5,27,0,0,0
2,selection,4,4761,5806,1046,9877.089986298624,10106.731776349674,2.324994409989234,-2.598687352079865,1.0,0.02581261950286807,0.5,27,0,0,0
2,selection,5,5807,6851,1045,10106.731776349674,10397.929737146678,2.881227752362281,-6.253998391327054,1.0,0.023923444976076555,0.5,25,0,0,0
3,selection,1,3283,4328,1046,10000.0,10388.109184543358,3.881091845433593,-3.7278759527465732,1.0,0.024378585086042064,0.5,26,0,0,0
3,selection,2,4329,5374,1046,10388.109184543358,10247.051255572725,-1.357878767586651,-4.278827832842181,1.0,0.02676864244741874,0.5,28,0,0,0
3,selection,3,5375,6420,1046,10247.051255572725,10578.822847721527,3.2377274581150584,-5.879448125420506,1.0,0.022944550669216062,0.5,24,0,0,0
3,selection,4,6421,7466,1046,10578.822847721527,10401.076402005423,-1.6802100599915715,-2.3917507243844227,1.0,0.029636711281070746,0.5,31,0,0,0
3,selection,5,7467,8511,1045,10401.076402005423,10047.837686091316,-3.396174609831726,-4.503660550537447,1.0,0.023923444976076555,0.5,25,0,0,0
4,selection,1,5026,6055,1030,10000.0,10215.661211584706,2.1566121158470564,-2.7412613261899033,1.0,0.025728155339805825,0.5,27,0,0,0
4,selection,2,6056,7084,1029,10215.661211584706,10449.520246213531,2.289220734568076,-8.670985662337605,1.0,0.027210884353741496,0.5,28,0,0,0
4,selection,3,7085,8113,1029,10449.520246213531,10141.10449218806,-2.9514824294180175,-4.422543272141977,1.0,0.025267249757045675,0.5,26,0,0,0
4,selection,4,8114,9142,1029,10141.10449218806,9912.405963584277,-2.2551639102028287,-5.176366903141883,1.0,0.025267249757045675,0.5,26,0,0,0
4,selection,5,9143,10171,1029,9912.405963584277,9950.229330812248,0.3815760509297661,-5.2772937346699305,1.0,0.028182701652089408,0.5,29,0,0,0
5,selection,1,6852,7864,1013,10000.0,9791.214178848022,-2.0878582115197775,-2.960207618812316,1.0,0.025172754783856315,0.5,43,0,0,0
5,selection,2,7865,8877,1013,9791.214178848022,9456.241583068168,-3.4211548196289687,-5.230335977585632,1.0,0.0259953937608186,0.5,40,0,0,0
5,selection,3,8878,9890,1013,9456.241583068168,9197.320859190728,-2.7380933704258315,-5.781306855539247,1.0,0.025008227017883723,0.5,41,0,0,0
5,selection,4,9891,10903,1013,9197.320859190728,9567.431705360357,4.024115846733611,-1.5401891462687112,1.0,0.021717670786416073,0.5,39,0,0,0
5,selection,5,10904,11915,1012,9567.431705360357,9534.559905305628,-0.343580190243864,-2.3097677704014496,1.0,0.024044796323823364,0.5,41,0,0,0
6,selection,1,8512,9557,1046,10000.0,8885.781301525258,-11.142186984747426,-11.739098296573069,1.0,0.03202676864244742,0.5,34,0,0,0
6,selection,2,9558,10603,1046,8885.781301525258,9631.945120971728,8.397278687450815,-2.62814273790819,1.0,0.030592734225621414,0.5,32,0,0,0
6,selection,3,10604,11649,1046,9631.945120971728,9694.896988128288,0.6535737731675262,-7.888112962825023,1.0,0.03154875717017208,0.5,33,0,0,0
6,selection,4,11650,12695,1046,9694.896988128288,9967.169608891329,2.808411694280477,-7.7133498759053065,1.0,0.028680688336520075,0.5,30,0,0,0
6,selection,5,12696,13741,1046,9967.169608891329,11023.789251367065,10.60099992211596,-3.418388351908652,1.0,0.02581261950286807,0.5,27,0,0,0
7,selection,1,10172,11184,1013,10000.0,9600.689534462195,-3.9931046553780436,-9.259982645235665,1.0,0.03504442250740375,0.5,36,0,0,0
7,selection,2,11185,12197,1013,9600.689534462195,10786.584775032974,12.352188208085924,-5.0125824296409665,1.0,0.027640671273445213,0.5,28,0,0,0
7,selection,3,12198,13210,1013,10786.584775032974,11431.129870772222,5.975432532001568,-4.562497319394431,1.0,0.02665350444225074,0.5,27,0,0,0
7,selection,4,13211,14223,1013,11431.129870772222,10893.168819096765,-4.706105675965999,-8.822603980625365,1.0,0.0315893385982231,0.5,32,0,0,0
7,selection,5,14224,15235,1012,10893.168819096765,10435.695708384943,-4.199632983836887,-6.686888473500218,1.0,0.030632411067193676,0.5,31,0,0,0
8,selection,1,11916,12928,1013,10000.0,10565.986475291971,5.659864752919708,-8.050185473876304,1.0,0.02912142152023692,0.5,30,0,0,0
8,selection,2,12929,13941,1013,10565.986475291971,11101.441284110875,5.0677218835272875,-5.5496127105515995,1.0,0.028627838104639685,0.5,29,0,0,0
8,selection,3,13942,14954,1013,11101.441284110875,11088.95492490679,-0.11247511818088807,-3.859191500035497,1.0,0.03060217176702863,0.5,31,0,0,0
8,selection,4,14955,15966,1012,11088.95492490679,11542.43094050009,4.089438713243854,-4.537545829488277,1.0,0.0266798418972332,0.5,27,0,0,0
8,selection,5,15967,16978,1012,11542.43094050009,10447.59745077132,-9.485293829112006,-10.262441329392203,1.0,0.030632411067193676,0.5,31,0,0,0
9,selection,1,13742,14754,1013,10000.0,9747.26092547237,-2.5273907452763034,-4.3228931996779245,1.0,0.02188219858180853,0.5,40,0,0,0
9,selection,2,14755,15767,1013,9747.26092547237,10103.198566969731,3.651668342715597,-2.341232302582974,1.0,0.015794669740409512,0.5,37,0,0,0
9,selection,3,15768,16780,1013,10103.198566969731,9838.834946206547,-2.616632930757845,-3.7706869631413675,1.0,0.022046726436040713,0.5,42,0,0,0
9,selection,4,16781,17792,1012,9838.834946206547,9686.463435706337,-1.5486743230605615,-3.606317763650313,1.0,0.01910408474357703,0.5,35,0,0,0
9,selection,5,17793,18804,1012,9686.463435706337,10090.402562035062,4.1701404130605635,-1.7880148977498678,1.0,0.020092227183311825,0.5,40,0,0,0
10,selection,1,15236,16298,1063,10000.0,11189.523972464704,11.895239724647034,-3.3729393948302766,1.0,0.032455315145813735,0.5,35,0,0,0
10,selection,2,16299,17361,1063,11189.523972464704,10400.91134131338,-7.047776412043527,-8.276202857736692,1.0,0.030103480714957668,0.5,32,0,0,0
10,selection,3,17362,18423,1062,10400.91134131338,10347.206229898607,-0.5163500548403976,-2.219121192135931,1.0,0.031073446327683617,0.5,33,0,0,0
10,selection,4,18424,19485,1062,10347.206229898607,10509.157201478956,1.5651661712548615,-4.047067927515402,1.0,0.02919020715630885,0.5,31,0,0,0
10,selection,5,19486,20547,1062,10509.157201478956,10518.735605178676,0.09114340489997375,-5.656955161061794,1.0,0.032015065913371,0.5,34,0,0,0
11,selection,1,16979,18041,1063,10000.0,9787.486434536719,-2.125135654632815,-3.0595682888288733,1.0,0.02492944496707432,0.5,27,0,0,0
11,selection,2,18042,19104,1063,9787.486434536719,9629.00643718367,-1.6192103908703848,-3.328192250450901,1.0,0.03198494825964252,0.5,34,0,0,0
11,selection,3,19105,20166,1062,9629.00643718367,9744.322203066171,1.1975873797029912,-3.2154015478214615,1.0,0.032015065913371,0.5,34,0,0,0
11,selection,4,20167,21228,1062,9744.322203066171,9788.537898895602,0.4537585571166458,-2.797204322873925,1.0,0.03389830508474576,0.5,36,0,0,0
11,selection,5,21229,22290,1062,9788.537898895602,9963.362178977657,1.786010146640793,-4.114144781561513,1.0,0.02919020715630885,0.5,31,0,0,0
12,selection,1,18805,19867,1063,10000.0,9688.221819398035,-3.1177818060196483,-5.610087616263504,1.0,0.028692380056444027,0.5,31,0,0,0
12,selection,2,19868,20930,1063,9688.221819398035,9779.398849950223,0.9411121282300705,-2.1831358702178782,1.0,0.031044214487300093,0.5,33,0,0,0
12,selection,3,20931,21992,1062,9779.398849950223,10340.538329327015,5.7379751862728146,-2.726275234786202,1.0,0.026365348399246705,0.5,28,0,0,0
12,selection,4,21993,23054,1062,10340.538329327015,10298.401025913909,-0.40749622573904576,-2.9864894971540545,1.0,0.023540489642184557,0.5,25,0,0,0
12,selection,5,23055,24116,1062,10298.401025913909,10084.230545149065,-2.0796479009306923,-5.3400468931003475,1.0,0.027306967984934087,0.5,29,0,0,0
13,selection,1,20548,21626,1079,10000.0,11648.689256683649,16.486892566836488,-8.01362897272806,1.0,0.07089898053753475,1.5,26,0,0,0
13,selection,2,21627,22705,1079,11648.689256683649,11958.705108985974,2.6613797095192293,-10.480977458460817,1.0,0.07228915662650602,1.5,26,0,0,0
13,selection,3,22706,23784,1079,11958.705108985974,13139.411788251613,9.873198381473891,-7.727011387076166,1.0,0.06672845227062095,1.5,24,0,0,0
13,selection,4,23785,24863,1079,13139.411788251613,19472.03145998517,48.19561007590738,-11.662881767658916,1.0,0.061167747914735865,1.5,22,0,0,0
13,selection,5,24864,25942,1079,19472.03145998517,15008.714921124903,-22.92167896314433,-31.219733849723486,1.0,0.06672845227062095,1.5,24,0,0,0
14,selection,1,22291,23353,1063,10000.0,9872.820926409784,-1.2717907359021563,-2.967332857473859,1.0,0.02367513385002947,0.5,44,0,0,0
14,selection,2,23354,24416,1063,9872.820926409784,9805.534317343812,-0.6815337740602612,-2.3920309007623652,1.0,0.022891188974326664,0.5,41,0,0,0
14,selection,3,24417,25478,1062,9805.534317343812,10074.97020028132,2.7477939928366224,-5.622312010320519,1.0,0.01914626531120523,0.5,37,0,0,0
14,selection,4,25479,26540,1062,10074.97020028132,10487.655643128024,4.096145543290852,-2.264131389068802,1.0,0.017576899372476192,0.5,36,0,0,0
14,selection,5,26541,27602,1062,10487.655643128024,10005.971747076068,-4.5928652927079705,-6.160861737764622,1.0,0.023540490147308666,0.5,41,0,0,0
15,selection,1,24117,25146,1030,10000.0,14676.132111097031,46.761321110970314,-13.90495977088616,1.0,0.08883495145631068,1.5,31,0,0,0
15,selection,2,25147,26175,1029,14676.132111097031,12954.023117988781,-11.734079388711116,-26.719450934234157,1.0,0.07871720116618076,1.5,27,0,0,0
15,selection,3,26176,27204,1029,12954.023117988781,12695.44668284046,-1.9961091067472791,-19.977557632530317,1.0,0.10495626822157435,1.5,36,0,0,0
15,selection,4,27205,28233,1029,12695.44668284046,11793.121092235679,-7.107474145233439,-11.484208801391983,1.0,0.09620991253644315,1.5,33,0,0,0
15,selection,5,28234,29262,1029,11793.121092235679,12476.982546887482,5.798816524508021,-5.936906145141563,1.0,0.09620991253644315,1.5,33,0,0,0
16,selection,1,25943,26969,1027,10000.0,9966.81479383359,-0.3318520616641063,-6.671692639659199,1.0,0.02872444011684518,0.5,30,0,0,0
16,selection,2,26970,27995,1026,9966.81479383359,9935.34716273621,-0.3157240477353662,-4.715772758461312,1.0,0.02046783625730994,0.5,21,0,0,0
16,selection,3,27996,29021,1026,9935.34716273621,9833.172726872192,-1.0283932125415562,-2.9657639408765535,1.0,0.02631578947368421,0.5,27,0,0,0
16,selection,4,29022,30047,1026,9833.172726872192,9906.598922787523,0.7467192731667627,-2.8706485281112193,1.0,0.02631578947368421,0.5,27,0,0,0
16,selection,5,30048,31073,1026,9906.598922787523,10238.211864183566,3.34739443860248,-2.520222817249551,1.0,0.025341130604288498,0.5,26,0,0,0
17,selection,1,27603,28612,1010,10000.0,10491.441812668585,4.914418126685849,-3.928032614117949,1.0,0.030198019801980197,0.5,31,0,0,0
17,selection,2,28613,29622,1010,10491.441812668585,10249.986676356273,-2.3014485580118316,-5.619310275823675,1.0,0.0297029702970297,0.5,30,0,0,0
17,selection,3,29623,30632,1010,10249.986676356273,10011.36971336517,-2.3279733967022986,-6.719075734811286,1.0,0.030693069306930693,0.5,31,0,0,0
17,selection,4,30633,31641,1009,10011.36971336517,10093.156375240977,0.8169377839140513,-3.382451331870606,1.0,0.02973240832507433,0.5,30,0,0,0
17,selection,5,31642,32650,1009,10093.156375240977,9828.335101024382,-2.6237706458825283,-5.207383274336119,1.0,0.02973240832507433,0.5,30,0,0,0
18,selection,1,29263,30289,1027,10000.0,9212.403227775369,-7.875967722246314,-9.607040426849057,1.0,0.02969814995131451,0.5,31,0,0,0
18,selection,2,30290,31315,1026,9212.403227775369,9451.416453198506,2.5944720342083283,-2.8788368725921165,1.0,0.029239766081871343,0.5,30,0,0,0
18,selection,3,31316,32341,1026,9451.416453198506,9566.326532822015,1.2157974436161956,-3.1757303330671394,1.0,0.02046783625730994,0.5,21,0,0,0
18,selection,4,32342,33367,1026,9566.326532822015,10200.286373299763,6.6269935309299255,-6.5034840693613205,1.0,0.01949317738791423,0.5,20,0,0,0
18,selection,5,33368,34393,1026,10200.286373299763,10347.972094551518,1.4478585781506847,-6.786123162357837,1.0,0.018518518518518517,0.5,19,0,0,0
19,selection,1,31074,32086,1013,10000.0,9274.126192906473,-7.258738070935267,-12.346509905307867,1.0,0.07847976307996052,1.5,27,0,0,0
19,selection,2,32087,33099,1013,9274.126192906473,10504.762882801211,13.269570246262319,-15.546432387959019,1.0,0.0562685093780849,1.5,19,0,0,0
19,selection,3,33100,34112,1013,10504.762882801211,13897.478243418882,32.29692472328291,-23.06571377887061,1.0,0.044422507403751234,1.5,15,0,0,0
19,selection,4,34113,35124,1012,13897.478243418882,12345.601343360244,-11.166607875738366,-17.061094844047776,1.0,0.05928853754940711,1.5,20,0,0,0
19,selection,5,35125,36136,1012,12345.601343360244,13134.718871746216,6.391892192520676,-9.277188603960019,1.0,0.06225296442687747,1.5,21,0,0,0
20,selection,1,32651,33696,1046,10000.0,10785.105874404338,7.851058744043393,-4.391394638530899,1.0,0.01959847036328872,0.5,21,0,0,0
20,selection,2,33697,34742,1046,10785.105874404338,10746.823831913653,-0.3549528668192137,-4.454290459414301,1.0,0.02198852772466539,0.5,23,0,0,0
20,selection,3,34743,35788,1046,10746.823831913653,10853.838454716775,0.995779073676939,-3.356230608170885,1.0,0.02390057361376673,0.5,25,0,0,0
20,selection,4,35789,36834,1046,10853.838454716775,10124.938991249797,-6.715591599303917,-9.494393064679208,1.0,0.030592734225621414,0.5,32,0,0,0
20,selection,5,36835,37879,1045,10124.938991249797,10363.280609695303,2.3540054774797703,-5.49698173409634,1.0,0.02200956937799043,0.5,23,0,0,0
21,selection,1,34394,35423,1030,10000.0,10239.367760905805,2.3936776090580425,-3.195793405138214,1.0,0.022815533980582524,0.5,24,0,0,0
21,selection,2,35424,36453,1030,10239.367760905805,10335.022368795084,0.9341847086935529,-4.5007740086398185,1.0,0.021359223300970873,0.5,22,0,0,0
21,selection,3,36454,37482,1029,10335.022368795084,9983.651928344001,-3.399803386125111,-8.297421065234778,1.0,0.03304178814382896,0.5,34,0,0,0
21,selection,4,37483,38511,1029,9983.651928344001,9869.072800896596,-1.1476674895096295,-5.263385620124417,1.0,0.028182701652089408,0.5,29,0,0,0
21,selection,5,38512,39540,1029,9869.072800896596,10136.730760020771,2.712088202448548,-3.9308855823619093,1.0,0.022351797862001945,0.5,23,0,0,0
22,selection,1,36137,37181,1045,10000.0,10407.805701410975,4.078057014109748,-7.906343330679411,1.0,0.06985645933014355,1.0,37,0,0,0
22,selection,2,37182,38226,1045,10407.805701410975,9718.278886830345,-6.625093073049504,-11.688779878903244,1.0,0.06507177033492823,1.0,34,0,0,0
22,selection,3,38227,39271,1045,9718.278886830345,10404.032617900892,7.056328996689332,-6.747379162039868,1.0,0.06124401913875598,1.0,32,0,0,0
22,selection,4,39272,40315,1044,10404.032617900892,10827.91680336311,4.074229686024777,-8.919968024816383,1.0,0.05363984674329502,1.0,28,0,0,0
22,selection,5,40316,41359,1044,10827.91680336311,11031.091197592772,1.8763941201187961,-7.787973482400556,1.0,0.06513409961685823,1.0,34,0,0,0
23,selection,1,37880,38941,1062,10000.0,11010.301398087233,10.103013980872323,-12.827225268988817,1.0,0.08050847457627118,1.5,29,0,0,0
23,selection,2,38942,40002,1061,11010.301398087233,11419.681739959542,3.7181574515610327,-11.701361279706513,1.0,0.0706880301602262,1.5,25,0,0,0
23,selection,3,40003,41063,1061,11419.681739959542,10301.422806179498,-9.792382653424148,-16.77317412330661,1.0,0.08199811498586239,1.5,29,0,0,0
23,selection,4,41064,42124,1061,10301.422806179498,16705.72665258341,62.16911942068983,-16.84630614177427,1.0,0.07351555136663525,1.5,26,0,0,0
23,selection,5,42125,43185,1061,16705.72665258341,16203.284808858722,-3.0076024477928898,-19.859160538649267,1.0,0.0706880301602262,1.5,25,0,0,0
24,selection,1,39541,40618,1078,10000.0,10626.561586187405,6.265615861874041,-4.316791174629042,1.0,0.036641929499072357,0.5,40,0,0,0
24,selection,2,40619,41696,1078,10626.561586187405,10754.825795170122,1.2070151567129317,-5.380813505702475,1.0,0.039888682745825604,0.5,43,0,0,0
24,selection,3,41697,42774,1078,10754.825795170122,11908.221876933294,10.724451550681092,-7.054108570300044,1.0,0.04081632653061224,0.5,44,0,0,0
24,selection,4,42775,43851,1077,11908.221876933294,11082.915382945062,-6.930560267665853,-8.971447725145032,1.0,0.039925719591457756,0.5,43,0,0,0
24,selection,5,43852,44928,1077,11082.915382945062,10841.144682848217,-2.1814720382048125,-5.586113729842146,1.0,0.03806870937790158,0.5,41,0,0,0
25,selection,1,41360,42419,1060,10000.0,15408.342628724991,54.083426287249914,-24.66831969603436,1.0,0.07216981132075471,1.5,26,0,0,0
25,selection,2,42420,43479,1060,15408.342628724991,15145.286196086574,-1.7072337952039995,-15.978235872057134,1.0,0.07358490566037736,1.5,26,0,0,0
25,selection,3,43480,44539,1060,15145.286196086574,16203.590126451814,6.987678652376328,-11.929737593903544,1.0,0.05660377358490566,1.5,20,0,0,0
25,selection,4,44540,45599,1060,16203.590126451814,20220.860524673542,24.7924710935737,-12.967382451387143,1.0,0.062264150943396226,1.5,22,0,0,0
25,selection,5,45600,46658,1059,20220.860524673542,20132.28357846921,-0.43804736250591114,-15.381351538128607,1.0,0.0708215297450425,1.5,25,0,0,0
26,selection,1,43186,44245,1060,10000.0,9054.440480010315,-9.455595199896848,-14.967094818796634,1.0,0.06933962264150943,1.5,25,0,0,0
26,selection,2,44246,45305,1060,9054.440480010315,11604.141768823642,28.159678054567337,-6.065599856552451,1.0,0.05660377358490566,1.5,20,0,0,0
26,selection,3,45306,46365,1060,11604.141768823642,12715.761665018801,9.579509784874407,-12.202172205654993,1.0,0.07358490566037736,1.5,26,0,0,0
26,selection,4,46366,47425,1060,12715.761665018801,22011.910285614857,73.1072889339367,-13.865061384550426,1.0,0.06509433962264151,1.5,23,0,0,0
26,selection,5,47426,48484,1059,22011.910285614857,19880.08230763516,-9.68488400287949,-17.633433609891036,1.0,0.07365439093484419,1.5,26,0,0,0
27,selection,1,44929,45955,1027,10000.0,11133.67854931491,11.336785493149094,-8.629612154299126,1.0,0.05501460564751704,1.5,38,0,0,0
27,selection,2,45956,46982,1027,11133.67854931491,12855.58171459555,15.465716543312592,-8.150837760303952,1.0,0.055501460564751706,1.5,39,0,0,0
27,selection,3,46983,48009,1027,12855.58171459555,15341.073461965698,19.33395005025911,-12.445644583276627,1.0,0.05842259006815969,1.5,37,0,0,0
27,selection,4,48010,49035,1026,15341.073461965698,13578.54520009496,-11.48895001539807,-19.43200616857308,1.0,0.057504873294346975,1.5,35,0,0,0
27,selection,5,49036,50061,1026,13578.54520009496,12037.664678068306,-11.347905827318517,-12.125930081217861,1.0,0.05847953216374269,1.5,37,0,0,0
28,selection,1,46659,47725,1067,10000.0,10823.373638503626,8.233736385036261,-4.329346869862882,1.0,0.017025929862579232,0.5,40,0,0,0
28,selection,2,47726,48791,1066,10823.373638503626,10689.159557336628,-1.24003924884879,-5.952551977605836,1.0,0.01969981280209647,0.5,39,0,0,0
28,selection,3,48792,49857,1066,10689.159557336628,10448.383054276765,-2.2525297874761763,-5.901996692344646,1.0,0.020637899189907882,0.5,42,0,0,0
28,selection,4,49858,50923,1066,10448.383054276765,10105.149140562286,-3.2850433596420037,-4.411269134136797,1.0,0.02564102623744485,0.5,43,0,0,0
28,selection,5,50924,51989,1066,10105.149140562286,10405.572186525294,2.9729699362585738,-5.471836984242529,1.0,0.018761726554070806,0.5,39,0,0,0
29,selection,1,48485,49669,1185,10000.0,11764.797816702066,17.64797816702066,-15.632147886909165,1.0,0.06455696202531645,1.5,26,0,0,0
29,selection,2,49670,50854,1185,11764.797816702066,13822.839015085943,17.493213486951298,-19.168334929917453,1.0,0.053164556962025315,1.5,21,0,0,0
29,selection,3,50855,52038,1184,13822.839015085943,14818.728753972313,7.20466857640083,-25.868865402855047,1.0,0.08361486486486487,1.5,33,0,0,0
29,selection,4,52039,53222,1184,14818.728753972313,16054.136376542516,8.336798945989464,-24.78937272483076,1.0,0.05827702702702703,1.5,23,0,0,0
29,selection,5,53223,54406,1184,16054.136376542516,15836.071647148521,-1.3583086892959284,-13.330711628104163,1.0,0.07347972972972973,1.5,29,0,0,0
30,selection,1,50062,51441,1380,10000.0,9689.077194195788,-3.1092280580421128,-15.815178204608193,1.0,0.06739130434782609,1.0,47,0,0,0
30,selection,2,51442,52821,1380,9689.077194195788,9350.71494699804,-3.492203028379659,-16.364218727670867,1.0,0.06376811594202898,1.0,44,0,0,0
30,selection,3,52822,54200,1379,9350.71494699804,9370.502959757152,0.21162031856682972,-7.628047141357941,1.0,0.06961566352429296,1.0,48,0,0,0
30,selection,4,54201,55579,1379,9370.502959757152,11993.889773338904,27.99622202616261,-15.87042987008852,1.0,0.06091370558375635,1.0,42,0,0,0
30,selection,5,55580,56958,1379,11993.889773338904,11442.509572563056,-4.597175821988165,-21.538215428583072,1.0,0.07106598984771574,1.0,49,0,0,0
31,selection,1,51990,53440,1451,10000.0,10089.488352256763,0.8948835225676355,-5.065049060329652,1.0,0.03733057685345308,0.5,61,0,0,0
31,selection,2,53441,54891,1451,10089.488352256763,9652.769707914753,-4.3284518411117245,-5.97780433611812,1.0,0.03721571352710237,0.5,60,0,0,0
31,selection,3,54892,56342,1451,9652.769707914753,10265.11433750844,6.343719451750696,-4.462976589874756,1.0,0.03744544015926463,0.5,60,0,0,0
31,selection,4,56343,57793,1451,10265.11433750844,9671.941950171444,-5.7785268418254265,-8.108337339407523,1.0,0.036756260262777854,0.5,60,0,0,0
31,selection,5,57794,59244,1451,9671.941950171444,9512.252282323921,-1.6510610658151403,-6.273652142762087,1.0,0.03629680706007082,0.5,61,0,0,0
32,selection,1,54407,55859,1453,10000.0,10721.281390096368,7.212813900963688,-2.7202782185184904,1.0,0.025120440467997246,0.5,37,0,0,0
32,selection,2,55860,57311,1452,10721.281390096368,10141.350262930606,-5.409158719604779,-7.856621855775248,1.0,0.029614325068870524,0.5,43,0,0,0
32,selection,3,57312,58763,1452,10141.350262930606,10565.902920147882,4.186352371331981,-3.1471574942946945,1.0,0.030991735537190084,0.5,45,0,0,0
32,selection,4,58764,60215,1452,10565.902920147882,10453.37088059214,-1.0650489636920502,-3.6153309840843306,1.0,0.028925619834710745,0.5,42,0,0,0
32,selection,5,60216,61667,1452,10453.37088059214,10616.509529068673,1.5606319754656317,-5.083749312122798,1.0,0.03168044077134986,0.5,46,0,0,0
33,selection,1,56959,58411,1453,10000.0,9862.409706328355,-1.3759029367164444,-3.624915897894554,1.0,0.02993805918788713,0.5,44,0,0,0
33,selection,2,58412,59863,1452,9862.409706328355,9529.09369889575,-3.379660928289452,-6.087702087146485,1.0,0.024104683195592287,0.5,35,0,0,0
33,selection,3,59864,61315,1452,9529.09369889575,9731.59413917094,2.125075549405686,-4.380869114512342,1.0,0.024104683195592287,0.5,35,0,0,0
33,selection,4,61316,62767,1452,9731.59413917094,9133.150191001789,-6.149495546267558,-6.690765318565872,1.0,0.022727272727272728,0.5,33,0,0,0
33,selection,5,62768,64219,1452,9133.150191001789,10009.766771255769,9.598184218164342,-5.586684152087084,1.0,0.024793388429752067,0.5,36,0,0,0
34,selection,1,59245,60724,1480,10000.0,9680.796313942406,-3.192036860575931,-7.186897827213546,1.0,0.03885135135135135,0.5,58,0,0,0
34,selection,2,60725,62204,1480,9680.796313942406,10682.118036499412,10.343381784770012,-3.554881307634361,1.0,0.038513513513513516,0.5,57,0,0,0
34,selection,3,62205,63684,1480,10682.118036499412,10804.333060140405,1.144108530006882,-5.641015620851397,1.0,0.03918918918918919,0.5,58,0,0,0
34,selection,4,63685,65164,1480,10804.333060140405,10636.850489929366,-1.5501426074036928,-10.775053879432118,1.0,0.041891891891891894,0.5,62,0,0,0
34,selection,5,65165,66643,1479,10636.850489929366,10339.216627617976,-2.7981390035817455,-9.041964968378268,1.0,0.03989181879648411,0.5,59,0,0,0
35,selection,1,61668,63178,1511,10000.0,9832.5744559043,-1.6742554409570065,-6.547347267711112,1.0,0.022501654533421574,0.5,49,0,0,0
35,selection,2,63179,64689,1511,9832.5744559043,9350.086291862004,-4.907037990976715,-5.74807090332794,1.0,0.02316346790205162,0.5,51,0,0,0
35,selection,3,64690,66200,1511,9350.086291862004,9112.081250572315,-2.545484970516698,-4.857652951577007,1.0,0.025479814692256783,0.5,55,0,0,0
35,selection,4,66201,67711,1511,9112.081250572315,9152.89135755303,0.4478681199001633,-3.0339841827707215,1.0,0.022170747849106553,0.5,52,0,0,0
35,selection,5,67712,69222,1511,9152.89135755303,9194.227966897615,0.45162351141068147,-2.9481738759739473,1.0,0.022170747849106553,0.5,46,0,0,0
36,selection,1,64220,65730,1511,10000.0,9704.067194827281,-2.9593280517271836,-10.537501335323862,1.0,0.06055592322964924,1.5,50,0,0,0
36,selection,2,65731,67241,1511,9704.067194827281,8476.393010329832,-12.651130292583467,-18.313528885595332,1.0,0.06816677696889477,1.5,57,0,0,0
36,selection,3,67242,68752,1511,8476.393010329832,7989.655655175893,-5.742269790473042,-10.859447450882008,1.0,0.06618133686300463,1.5,61,0,0,0
36,selection,4,68753,70263,1511,7989.655655175893,8787.618055867582,9.987444204491469,-7.026277389958436,1.0,0.06551952349437459,1.5,58,0,0,0
36,selection,5,70264,71774,1511,8787.618055867582,11614.510075820523,32.169036045727935,-9.709127238092286,1.0,0.06088682991396426,1.5,53,0,0,0
37,selection,1,66644,68158,1515,10000.0,10344.097622756379,3.4409762275637856,-7.312295611793552,1.0,0.059735973597359736,1.5,59,0,0,0
37,selection,2,68159,69673,1515,10344.097622756379,10261.824271676933,-0.7953651838943365,-12.136017917599439,1.0,0.06930693069306931,1.5,59,0,0,0
37,selection,3,69674,71188,1515,10261.824271676933,11729.036541305122,14.29777231401006,-9.709127238092229,1.0,0.066006600660066,1.5,58,0,0,0
37,selection,4,71189,72702,1514,11729.036541305122,13815.241505667986,17.786669493406883,-9.736601296956637,1.0,0.05746367239101717,1.5,52,0,0,0
37,selection,5,72703,74216,1514,13815.241505667986,12847.909232679793,-7.0019208320848065,-14.560083342274698,1.0,0.06472919418758256,1.5,59,0,0,0
38,selection,1,69223,70697,1475,10000.0,10395.630756267357,3.9563075626735777,-3.4483569848445805,1.0,0.028135593220338984,0.5,42,0,0,0
38,selection,2,70698,72172,1475,10395.630756267357,11199.964945168816,7.737233148806677,-6.136582881829744,1.0,0.01694915254237288,0.5,25,0,0,0
38,selection,3,72173,73646,1474,11199.964945168816,11051.795987656007,-1.3229412613181668,-5.085047148317267,1.0,0.025780189959294438,0.5,38,0,0,0
38,selection,4,73647,75120,1474,11051.795987656007,10342.12127594256,-6.421351900687444,-7.365554504826899,1.0,0.030529172320217096,0.5,45,0,0,0
38,selection,5,75121,76594,1474,10342.12127594256,10221.554860387776,-1.1657803301460046,-3.2919097080621573,1.0,0.024423337856173677,0.5,36,0,0,0
39,selection,1,71775,73140,1366,10000.0,10023.99618986575,0.2399618986574925,-3.397621363188319,1.0,0.025500244574176795,0.5,56,0,0,0
39,selection,2,73141,74506,1366,10023.99618986575,9860.86578615416,-1.6273988998171673,-3.817590286217698,1.0,0.026354319703701126,0.5,56,0,0,0
39,selection,3,74507,75872,1366,9860.86578615416,9361.850982612757,-5.060557707235802,-5.329184186531677,1.0,0.02489019088218013,0.5,55,0,0,0
39,selection,4,75873,77238,1366,9361.850982612757,9113.945351626557,-2.648040771495108,-4.495463582722947,1.0,0.026110298178904576,0.5,55,0,0,0
39,selection,5,77239,78604,1366,9113.945351626557,9092.94607517151,-0.2304081892623877,-3.006611366751799,1.0,0.02513421236334224,0.5,55,0,0,0
40,selection,1,74217,75626,1410,10000.0,9479.179726206421,-5.208202737935785,-6.509015103810512,1.0,0.021631205673758865,0.5,31,0,0,0
40,selection,2,75627,77036,1410,9479.179726206421,9396.228078906812,-0.8750930955584546,-4.062122404195756,1.0,0.023404255319148935,0.5,33,0,0,0
40,selection,3,77037,78446,1410,9396.228078906812,9624.9958227963,2.4346763612841604,-4.476687071338292,1.0,0.018439716312056736,0.5,26,0,0,0
40,selection,4,78447,79856,1410,9624.9958227963,9490.95616893142,-1.392620384804888,-6.333620365549997,1.0,0.02624113475177305,0.5,37,0,0,0
40,selection,5,79857,81266,1410,9490.95616893142,9755.351243413212,2.785758039293107,-8.066516466105988,1.0,0.015602836879432624,0.5,22,0,0,0
41,selection,1,76595,78004,1410,10000.0,9652.145461812164,-3.478545381878362,-3.789016115692234,1.0,0.024231678923816547,0.5,57,0,0,0
41,selection,2,78005,79414,1410,9652.145461812164,9710.448708052587,0.6040444217412011,-1.5793028485668548,1.0,0.0231678491788553,0.5,56,0,0,0
41,selection,3,79415,80824,1410,9710.448708052587,9687.519880167978,-0.2361253179329892,-4.780585515344205,1.0,0.024113475705714937,0.5,56,0,0,0
41,selection,4,80825,82234,1410,9687.519880167978,9339.931872264287,-3.5879978797799694,-4.604169836098116,1.0,0.025531915337481396,0.5,57,0,0,0
41,selection,5,82235,83644,1410,9339.931872264287,9414.376922775053,0.7970620292406583,-4.065472107032264,1.0,0.022695035841448087,0.5,51,0,0,0
42,selection,1,78605,80111,1507,10000.0,10102.51310648452,1.0251310648452083,-7.565291424118048,1.0,0.037491705374917056,0.5,57,0,0,0
42,selection,2,80112,81618,1507,10102.51310648452,9524.846754409291,-5.718046054347036,-7.783481874851905,1.0,0.0404777704047777,0.5,61,0,0,0
42,selection,3,81619,83125,1507,9524.846754409291,9547.774133155985,0.24071126116627095,-2.2673610915363684,1.0,0.038487060384870604,0.5,58,0,0,0
42,selection,4,83126,84631,1506,9547.774133155985,9537.909602500818,-0.10331759546877706,-5.745860194657015,1.0,0.0398406374501992,0.5,60,0,0,0
42,selection,5,84632,86137,1506,9537.909602500818,9769.970589266099,2.4330382278359375,-4.5038275984884635,1.0,0.037848605577689244,0.5,57,0,0,0
