window_id,selected,gate_pass,gate_reject_reasons,alpha_name,mode,k,gross,rebalance_every,expected_return_pct,calibrated_expected_return_pct,uncertainty_pct,neural_uncertainty_pct,uses_neural_feature,neural_feature_bonus_pct,regime_risk,stress_edge_pct,decision_score,trade_probability,decision_mode,calibration_count,calibration_bias_pct,calibration_win_rate,calibration_mean_raw_test_return_pct,selection_period_count,selection_period_win_rate,selection_worst_period_return_pct,gate_period_count,gate_period_win_rate,gate_worst_period_return_pct,selection_stress_return_pct,gate_stress_return_pct,diplom_risk_available,diplom_risk_class,diplom_p_high,diplom_risk_penalty_pct,diplom_risk_reason,diplom_risk_active_count,diplom_risk_available_count,diplom_risk_missing_count,diplom_risk_stale_count,diplom_risk_changed_count,soft_risk_flags
1,cash_gate_veto,False,decision_score,neural_ensemble,short_only,3,0.5,24,-6.6072916357461375,-6.6072916357461375,6.792905823421188,3.2970398241146044,True,0.0,0.9033353614918825,-10.339811716181377,-10.339811716181377,0.17914535308281784,balanced,0,0.0,,,3,0.3333333333333333,-2.6772553118766695,2,0.5,-0.6465756497051944,-17.745412975950124,-6.6072916357461375,False,,,0.0,diplom_risk_missing,231,0,231,0,0,"gate_stress,stress_edge,may_like_regime"
2,cash_gate_veto,False,decision_score,mom_96,short_only,1,0.5,24,-5.811461461484269,-5.811461461484269,6.2712228870559095,3.1348233357337967,False,0.0,0.8773473383355984,-9.322410479457236,-9.322410479457236,0.1844419389367416,balanced,1,0.0,,,3,0.6666666666666666,-2.9110620733281967,2,0.5,-2.9522001782731233,-8.485328644913604,-5.811461461484269,False,,,0.0,diplom_risk_missing,70,0,70,0,0,"gate_stress,stress_edge,may_like_regime"
3,cash_gate_veto,False,decision_score,mom_96,short_only,1,0.5,24,-3.5766257989761963,-3.5766257989761963,7.270591765272736,3.034223460126668,False,0.0,0.8961090631015701,-7.465496511474009,-7.465496511474009,0.26370354870663965,balanced,2,0.0,,,4,0.5,-4.661305688503914,2,1.0,0.4532128383833989,-12.096306902971243,-3.5766257989761963,False,,,0.0,diplom_risk_missing,70,0,70,0,0,"gate_stress,stress_edge,may_like_regime"
4,cash_gate_veto,False,decision_score,mom_96,short_only,1,0.5,24,-6.510277071958049,-6.510277071958049,6.303470830685601,2.652621366185685,False,0.0,0.8458047498907162,-9.985198987534083,-9.985198987534083,0.1702184995478364,balanced,3,0.0,,,4,0.25,-3.135340525878194,2,0.0,-1.9353226726088413,-13.125241724654424,-6.510277071958049,False,,,0.0,diplom_risk_missing,73,0,73,0,0,"gate_stress,gate_month_win_rate,stress_edge,may_like_regime"
5,cash_gate_veto,False,decision_score,voladj_mom_96,long_only,3,0.5,24,-6.333051272224733,-5.063962293508498,6.274247556858436,2.3813154766118374,False,0.0,0.9241490534611868,-8.64617251860073,-8.64617251860073,0.2013237531535224,balanced,4,2.5381779574324694,0.25,-3.0882360346086934,4,0.25,-4.8192371520085935,2,0.5,-2.799422924238737,-15.741482250431659,-6.333051272224733,False,,,0.0,diplom_risk_missing,231,0,231,0,0,"gate_stress,stress_edge,may_like_regime"
6,cash_gate_veto,False,decision_score,mom_48,long_only,1,0.5,24,-11.993905689912864,-10.544236141114158,11.333345114647837,2.6080737077069305,False,0.0,0.8997415195193372,-15.860519210519907,-15.860519210519907,0.1979024307514017,balanced,5,2.899339097597413,0.2,-2.8684023504804634,4,0.5,-3.1839303806287744,1,0.0,-7.797549315263586,-5.660368702389973,-11.993905689912864,False,,,0.0,diplom_risk_missing,63,0,63,0,0,"gate_stress,gate_month_win_rate,stress_edge,may_like_regime"
7,cash_gate_veto,False,decision_score,mom_48,long_only,1,0.5,24,-4.820632328127616,-2.603550059049774,11.676820324282332,2.656999246013185,False,0.0,0.8902137074308616,-8.025757733694881,-8.025757733694881,0.33462864825347954,balanced,6,4.4341645381556845,0.3333333333333333,-2.3712709502280234,4,0.75,-9.508122848373157,2,0.5,-0.6407449911394747,-10.512489890472665,-4.820632328127616,False,,,0.0,diplom_risk_missing,73,0,73,0,0,"gate_stress,stress_edge,may_like_regime"
8,cash_gate_veto,False,decision_score,mom_48,long_only,1,0.5,24,-7.791454501286266,-5.712850372209175,11.454873624210812,2.8159022506616718,False,0.0,0.6520432440266954,-10.700121006723002,-10.700121006723002,0.2820914698301987,balanced,7,4.157208258154182,0.2857142857142857,-2.364683921621513,4,0.5,-5.576569274093213,2,0.0,-2.1351865951642734,-9.868932775279681,-7.791454501286266,False,,,0.0,diplom_risk_missing,77,0,77,0,0,"gate_stress,gate_month_win_rate,stress_edge"
9,cash_gate_veto,False,decision_score,mom_96,long_only,3,0.5,24,-5.4087210382793955,-3.0326571529491657,6.505347496097046,2.508985103835186,False,0.0,0.8915975065011987,-6.646925036334929,-6.646925036334929,0.26468408205180444,balanced,8,4.75212777066046,0.375,-1.928459699304057,3,0.3333333333333333,-3.2152419486842,2,0.5,-3.397763293425804,-8.721519241743426,-5.4087210382793955,False,,,0.0,diplom_risk_missing,219,0,219,0,0,"gate_stress,stress_edge,may_like_regime"
10,cash_gate_veto,False,"decision_score,catastrophic_regime_risk",voladj_mom_96,long_only,1,0.5,24,-10.244729430759614,-8.339720048365978,8.67985855317824,2.500619202188841,False,0.0,1.0,-12.877670541978361,-12.877670541978361,0.1848802414109016,balanced,9,3.810018764787273,0.3333333333333333,-2.7292502127677856,4,0.75,-3.0042816779866977,2,0.5,-5.370514040831898,-10.788995161320258,-10.244729430759614,False,,,0.0,diplom_risk_missing,73,0,73,0,0,"gate_stress,stress_edge,may_like_regime"
11,cash_gate_veto,False,decision_score,voladj_mom_96,short_only,1,0.5,24,-9.765190316194817,-8.068143067891002,7.019210692738696,2.2517566185130122,False,0.0,0.8521945122085955,-11.803158578662439,-11.803158578662439,0.15689024123240147,balanced,10,3.3940944966076287,0.3,-3.5157205262678852,4,0.75,-4.142018106361311,2,0.0,-2.6532571626138646,-15.246487966231303,-9.765190316194817,False,,,0.0,diplom_risk_missing,77,0,77,0,0,"gate_stress,gate_month_win_rate,stress_edge,may_like_regime"
12,cash_gate_veto,False,catastrophic_regime_risk,mom_96,short_only,1,0.5,24,5.691259278916139,7.129821410889793,8.174385345226241,2.7715736755182023,False,0.0,1.0,2.768786540060608,2.768786540060608,0.5838783356867677,balanced,11,2.877124263947308,0.2727272727272727,-4.292270331048143,4,0.25,-1.4774032174678542,2,0.5,-0.6038397164827791,-12.832109736984144,5.691259278916139,False,,,0.0,diplom_risk_missing,77,0,77,0,0,may_like_regime
13,cash_gate_veto,False,"decision_score,catastrophic_regime_risk",mom_96,short_only,1,1.5,24,-22.73366552687999,-21.798635396419485,24.42843644019067,2.5099808047525585,False,0.0,1.0,-31.84858815048622,-31.84858815048622,0.2135344773774858,balanced,12,1.8700602609210097,0.25,-4.227613177915141,4,1.0,4.41221990920635,2,0.5,-17.0820274789503,4.112795081830978,-22.73366552687999,False,,,0.0,diplom_risk_missing,70,0,70,0,0,"gate_stress,stress_edge,may_like_regime"
14,cash_gate_veto,False,decision_score,mom_96,short_only,3,0.5,24,-3.4276174844259932,-1.3858477128327635,4.833478189127804,2.093623152800969,False,0.0,0.8695756383796447,-4.381928536596962,-4.381928536596962,0.28770044400222416,balanced,13,4.083539543186459,0.3076923076923077,-3.2938255947299875,4,0.25,-1.4368405608391144,2,0.5,-2.2084780994937603,-10.68659318537537,-3.4276174844259932,False,,,0.0,diplom_risk_missing,210,0,210,0,0,"gate_stress,stress_edge,may_like_regime"
15,cash_gate_veto,False,decision_score,mom_48,short_only,1,1.5,24,-15.62157448947179,-13.68863613898008,23.801153068682545,2.2096547972116816,False,0.0,0.8483826367856415,-23.29161366819743,-23.29161366819743,0.2731712869542338,balanced,14,3.8658767009834207,0.2857142857142857,-3.22936360454085,4,0.75,-8.00265455366903,2,0.5,-2.7818738596637416,-22.837706099941933,-15.62157448947179,False,,,0.0,diplom_risk_missing,76,0,76,0,0,"gate_stress,stress_edge,may_like_regime"
16,cash_gate_veto,False,decision_score,mom_96,short_only,1,0.5,24,-12.946341373303694,-11.325589976686443,7.7276957905162815,2.2800732426923895,False,0.0,0.8787233332787049,-15.348368503285197,-15.348368503285197,0.12066469401390091,balanced,15,3.2415027932345013,0.26666666666666666,-4.422159791219604,4,0.5,-2.9139190242003843,2,0.0,-4.969169320007971,-10.158428625267558,-12.946341373303694,False,,,0.0,diplom_risk_missing,66,0,66,0,0,"gate_stress,gate_month_win_rate,stress_edge,may_like_regime"
17,alpha_policy,True,,mom_48,long_only,1,0.5,24,8.483879451027931,9.996747020700687,8.136264912128082,3.068706691137528,False,0.0,0.6623285368507632,6.155561496179713,6.155561496179713,0.6806061108849129,balanced,16,3.025735139345511,0.25,-4.9680948694116935,4,0.25,-3.0195996427735516,2,1.0,5.8491488954045545,-15.550815092253256,8.483879451027931,False,,,0.0,diplom_risk_missing,73,0,73,0,0,
18,cash_gate_veto,False,"decision_score,catastrophic_regime_risk",mom_96,long_only,1,0.5,24,1.969438046650196,3.1292163264698716,9.02173663636374,3.010265360433251,False,0.0,0.960342371209952,-1.468905053072365,-1.468905053072365,0.45938507587883953,balanced,17,2.3195565596393513,0.23529411764705882,-4.704996422071669,4,0.75,-5.996468697919521,2,1.0,0.25621157957427254,-8.284262382489727,1.969438046650196,False,,,0.0,diplom_risk_missing,73,0,73,0,0,"stress_edge,may_like_regime"
19,cash_gate_veto,False,"decision_score,catastrophic_regime_risk",mom_96,long_only,1,1.5,24,-25.02720148486538,-24.10232996171424,29.35686516023116,2.530927565714268,False,0.0,1.0,-35.87723276779514,-35.87723276779514,0.22756585616286412,balanced,18,1.8497430463022804,0.2222222222222222,-4.67514376716645,4,0.5,-8.359831657040061,2,0.5,-19.8486596463566,-3.2622535232621486,-25.02720148486538,False,,,0.0,diplom_risk_missing,73,0,73,0,0,"gate_stress,stress_edge,may_like_regime"
20,cash_gate_veto,False,"decision_score,catastrophic_regime_risk",mom_96,long_only,1,0.5,24,-11.618024446037401,-10.657406814473617,9.94183413169829,2.708343784324825,False,0.0,1.0,-15.637048760568018,-15.637048760568018,0.17180998100240358,balanced,19,1.9212352631275669,0.21052631578947367,-5.577457585677829,4,0.75,-5.573081149024961,2,0.5,-7.650465060138001,-8.425916538190926,-11.618024446037401,False,,,0.0,diplom_risk_missing,70,0,70,0,0,"gate_stress,stress_edge,may_like_regime"
21,cash_gate_veto,False,"decision_score,catastrophic_regime_risk",mom_96,short_only,1,0.5,24,-9.208129645657026,-8.410416695987635,7.034918631520238,2.124260821514518,False,0.0,1.0,-12.372638217019718,-12.372638217019718,0.14694740675580095,balanced,20,1.5954258993387829,0.2,-6.109233529328213,4,0.75,-3.5002717914752846,2,0.0,-3.1354724343155005,-11.140723947003995,-9.208129645657026,False,,,0.0,diplom_risk_missing,76,0,76,0,0,"gate_stress,gate_month_win_rate,stress_edge,may_like_regime"
22,cash_gate_veto,False,"decision_score,catastrophic_regime_risk",voladj_rev_96,short_only,1,1.0,24,-16.010480775980795,-14.52615192191562,17.14087774564468,2.508629466007863,False,0.0,1.0,-22.025459132891257,-22.025459132891257,0.21670594743574736,balanced,21,2.968657708130351,0.23809523809523808,-4.807595540393312,4,0.75,-5.400820102466108,2,0.5,-11.665842560188421,-20.696489324987898,-16.010480775980795,False,,,0.0,diplom_risk_missing,77,0,77,0,0,"gate_stress,stress_edge,may_like_regime"
23,cash_gate_veto,False,"decision_score,catastrophic_regime_risk",mom_96,short_only,1,1.5,24,-10.7009226401512,-8.88896212944861,38.547697621502394,2.55010026917324,False,0.0,0.9529083412391121,-23.810018808833114,-23.810018808833114,0.35031000947927887,balanced,22,3.6239210214051805,0.2727272727272727,-4.5266152965483535,4,0.5,-8.30734984711492,2,0.5,-9.818769714041231,8.34926800762268,-10.7009226401512,False,,,0.0,diplom_risk_missing,73,0,73,0,0,"gate_stress,stress_edge,may_like_regime"
24,cash_gate_veto,False,"decision_score,catastrophic_regime_risk",mom_12,short_only,1,0.5,24,-15.480934672058899,-13.298076847611261,14.621522644885085,2.5807524369455463,False,0.0,1.0,-19.91560977332104,-19.91560977332104,0.20390327496124183,balanced,23,4.365715648895274,0.30434782608695654,-3.895707030892941,4,0.5,-6.638550674750022,2,0.5,-10.541478677028593,-12.196562075628659,-15.480934672058899,False,,,0.0,diplom_risk_missing,73,0,73,0,0,"gate_stress,stress_edge,may_like_regime"
25,cash_gate_veto,False,catastrophic_regime_risk,mom_96,short_only,1,1.5,24,18.360783357046184,20.759990410007816,54.32640667820628,2.576292315104904,False,0.0,1.0,0.24574807263561738,0.24574807263561738,0.5011308849075959,balanced,24,4.798414105923263,0.2916666666666667,-3.763821573542897,4,0.5,-21.497370784861115,2,0.5,-10.140127268550836,40.86964365946262,18.360783357046184,False,,,0.0,diplom_risk_missing,77,0,77,0,0,may_like_regime
26,cash_gate_veto,False,decision_score,mom_96,short_only,1,1.5,24,-39.06845257355604,-37.760006866943456,40.365465126791214,1.8579744945534251,False,0.0,0.024883959123004826,-51.92524560000489,-51.92524560000489,0.2164665057661704,balanced,25,2.6168914132251655,0.28,-4.868423504780501,4,0.75,-9.818769714041231,2,0.0,-17.39249177265605,38.71543377655997,-39.06845257355604,False,,,0.0,diplom_risk_missing,66,0,66,0,0,"gate_stress,gate_month_win_rate,stress_edge"
27,cash_gate_veto,False,"decision_score,catastrophic_regime_risk",mom_96,short_only,3,1.5,24,-8.414995381984113,-6.333045005876276,23.545317073211493,2.2471479577138838,False,0.0,0.9908151674980744,-16.06012873274741,-16.06012873274741,0.33579401642709444,balanced,26,4.163900752215674,0.3076923076923077,-4.536150229465007,4,0.5,-10.696459518298774,2,0.5,-4.621994622926051,-10.225125424920423,-8.414995381984113,False,,,0.0,diplom_risk_missing,243,0,243,0,0,"gate_stress,stress_edge,may_like_regime"
28,cash_gate_veto,False,decision_score,mom_96,short_only,3,0.5,24,-10.88060109293718,-9.04993368214814,9.462654610618264,2.088768796829304,False,0.0,0.8024642944171781,-13.5655592374903,-13.5655592374903,0.19254006478413593,balanced,27,3.6613348215780785,0.2962962962962963,-5.028158545299025,4,0.5,-4.570892807148064,2,0.0,-4.355725548250389,-6.652908442313987,-10.88060109293718,False,,,0.0,diplom_risk_missing,303,0,303,0,0,"gate_stress,gate_month_win_rate,stress_edge,may_like_regime"
29,cash_gate_veto,False,"decision_score,catastrophic_regime_risk",mom_96,long_only,1,1.5,24,-38.52070574241914,-36.553117683313104,35.72715036868313,2.7613602497040457,False,0.0,1.0,-50.5576203123522,-50.5576203123522,0.19543032711035058,balanced,28,3.935176118212073,0.32142857142857145,-4.832571096024319,4,0.75,-9.606158181765812,2,0.0,-23.435013806617498,6.527918435154945,-38.52070574241914,True,high,0.8319263787542861,100.0,"diplom_risk_missing,diplom_long_veto,diplom_long_risk_penalty",107,23,84,0,23,"gate_stress,gate_month_win_rate,stress_edge,may_like_regime"
30,cash_gate_veto,False,"decision_score,catastrophic_regime_risk",mom_48,short_only,1,1.0,24,-28.694099969935404,-26.754172808596124,29.87859778445655,2.44593382376479,False,0.0,1.0,-38.71168203315592,-38.71168203315592,0.2149009794025186,balanced,29,3.8798543226785625,0.3103448275862069,-5.913856978736544,4,0.25,-10.80947648602858,2,0.0,-8.960292249013701,-27.794707317699086,-28.694099969935404,True,high,0.8764209338909403,0.0,"ok,diplom_risk_missing",96,29,67,0,0,"gate_stress,gate_month_win_rate,stress_edge,may_like_regime"
31,cash_gate_veto,False,"decision_score,catastrophic_regime_risk",neural_ensemble,short_only,3,0.5,24,-10.253763404514139,-8.038901906479328,6.89943264832664,2.3776360667578067,True,0.0,1.0,-11.953703333393651,-11.953703333393651,0.15026000774250595,balanced,30,4.429722996069623,0.3,-5.994001260962827,4,0.25,-2.376150644438313,2,0.5,-1.720921477862869,-27.302291238401168,-10.253763404514139,True,high,0.8764209338909403,0.0,diplom_risk_missing,303,44,259,0,0,"gate_stress,stress_edge,may_like_regime"
32,cash_gate_veto,False,decision_score,voladj_rev_96,short_only,1,0.5,24,-14.548079297708405,-12.368110877077811,9.58017517062396,2.627286471526582,False,0.0,0.8305747312711246,-16.967034283702883,-16.967034283702883,0.14541095603067705,balanced,31,4.35993684126119,0.2903225806451613,-6.058304807625509,4,0.75,-0.07576169214659201,2,0.0,-7.497954187565192,-14.183559977923855,-14.548079297708405,True,high,0.7606170383795451,0.0,"diplom_risk_missing,ok",107,29,78,0,0,"gate_stress,gate_month_win_rate,stress_edge,may_like_regime"
33,cash_gate_veto,False,decision_score,mom_96,short_only,1,0.5,24,-16.602515241634595,-14.398400169076819,12.013963192591676,2.2169656383039635,False,0.0,0.8403828836894852,-19.863861612018134,-19.863861612018134,0.160650241230421,balanced,32,4.408230145115552,0.28125,-6.139068930296826,4,0.25,-4.953847690276469,2,0.0,-8.066821543824975,-16.624805170566137,-16.602515241634595,True,high,0.625496897167102,0.0,"diplom_risk_missing,ok",101,25,76,0,0,"gate_stress,gate_month_win_rate,stress_edge,may_like_regime"
34,cash_gate_veto,False,"decision_score,catastrophic_regime_risk",neural_ensemble,short_only,1,0.5,24,-11.511508358250888,-9.127796013604813,10.831302286627961,2.8452980435556836,True,0.0,1.0,-14.4187518139246,-14.4187518139246,0.20895907538120947,balanced,33,4.76742468929215,0.2727272727272727,-5.963365785096659,4,0.5,-4.805518610313275,2,0.5,-3.665652633446226,-22.93406182664861,-11.511508358250888,True,high,0.7068409354380174,0.0,"diplom_risk_missing,ok",108,13,95,0,0,"gate_stress,stress_edge,may_like_regime"
35,cash_gate_veto,False,"decision_score,catastrophic_regime_risk",mom_96,long_only,1,0.5,24,-23.903185978109796,-21.27965391364946,13.89644359865032,2.8060971042271876,False,0.0,1.0,-27.643409173177073,-27.643409173177073,0.12033692656621524,balanced,34,5.247064128920666,0.29411764705882354,-5.506688636169969,4,0.5,-7.745278926142751,2,0.0,-12.74561074217171,-19.330394551143893,-23.903185978109796,True,high,0.5980184556611332,14.95046139152833,"diplom_risk_missing,diplom_long_risk_penalty,diplom_risk_stale",107,25,81,1,25,"gate_stress,gate_month_win_rate,stress_edge,may_like_regime"
36,cash_gate_veto,False,decision_score,mom_96,short_only,3,1.5,24,-26.9647713997456,-24.214695465096767,26.05401770134618,2.1067367190969923,False,0.0,0.7130378245468557,-34.40315839738821,-34.40315839738821,0.21074260039968087,balanced,35,5.500151869297668,0.2857142857142857,-5.629298987593514,4,0.5,-14.84677160487189,2,0.0,-7.814622770467283,-28.62493576542612,-26.9647713997456,False,,,0.0,"diplom_risk_missing,diplom_risk_stale",306,0,221,85,0,"gate_stress,gate_month_win_rate,stress_edge,may_like_regime"
37,cash_gate_veto,False,decision_score,mom_96,short_only,3,1.5,24,-32.188778814316755,-29.41749573675756,24.34955334010556,2.239411450456828,False,0.0,0.8727434509967101,-39.248954582289564,-39.248954582289564,0.16632550570306504,balanced,36,5.542566155118394,0.2777777777777778,-6.026754716852078,4,0.5,-4.976943278482294,2,0.0,-12.474394855674142,-20.64316792257066,-32.188778814316755,False,,,0.0,"diplom_risk_missing,diplom_risk_stale",300,0,232,68,0,"gate_stress,gate_month_win_rate,stress_edge,may_like_regime"
38,cash_gate_veto,False,decision_score,mom_96,short_only,1,0.5,24,1.6905843140852639,4.876285016012739,11.502012261799782,2.67760963650376,False,0.0,0.8996477887967922,-0.49889095881237333,-0.49889095881237333,0.489158141472564,balanced,37,6.371401403854951,0.2972972972972973,-5.75520211520596,4,0.5,-9.11332272026506,2,1.0,2.5340532784033476,-15.113214480952397,1.6905843140852639,False,,,0.0,"diplom_risk_stale,diplom_risk_missing",84,0,69,15,0,"stress_edge,may_like_regime"
39,cash_gate_veto,False,decision_score,voladj_mom_96,short_only,3,0.5,24,-14.381252149950596,-11.442082052163121,8.499175126314682,1.8725348783338123,False,0.0,0.846605389374638,-15.686701430435216,-15.686701430435216,0.13638169048347007,balanced,38,5.878340195574949,0.2894736842105263,-5.884653117350536,4,0.5,-6.614076977634554,2,0.0,-5.26306910714035,-23.670479508184616,-14.381252149950596,False,,,0.0,"diplom_risk_stale,diplom_risk_missing",333,0,220,113,0,"gate_stress,gate_month_win_rate,stress_edge,may_like_regime"
40,cash_gate_veto,False,decision_score,mom_96,long_only,1,0.5,24,0.6155163631617722,3.5759492001619653,8.959815624206858,2.75819560745731,False,0.0,0.8191625056507471,-0.7887300267865553,-0.7887300267865553,0.47800677166136524,balanced,39,5.920865674000386,0.28205128205128205,-5.909262480900101,4,0.25,-4.613959311668802,2,1.0,1.8775376207792904,-15.926677518726828,0.6155163631617722,False,,,0.0,"diplom_risk_missing,diplom_risk_stale",100,0,68,32,0,"stress_edge,may_like_regime"
41,cash_gate_veto,False,"decision_score,catastrophic_regime_risk",voladj_mom_96,long_only,3,0.5,24,-16.35115444032994,-13.691761921897703,9.11238581812896,2.445747958084282,False,0.0,1.0,-18.38109695824284,-18.38109695824284,0.11741346389444322,balanced,40,5.318785036864472,0.275,-6.200202005084461,4,0.5,-5.35159984184006,2,0.0,-6.59496924291656,-20.496452144889254,-16.35115444032994,False,,,0.0,"diplom_risk_missing,diplom_risk_stale",312,0,185,127,0,"gate_stress,gate_month_win_rate,stress_edge,may_like_regime"
42,cash_gate_veto,False,"decision_score,catastrophic_regime_risk",neural_ensemble,short_only,1,0.5,24,-13.783996582724034,-11.13455774474141,11.17960052922115,2.829400664151488,True,0.0,1.0,-16.547417929968812,-16.547417929968812,0.18540567959852336,balanced,41,5.2988776759652465,0.2682926829268293,-6.337967107407613,4,0.75,-6.566441224433528,2,0.5,-5.070813252672968,-27.109533896339,-13.783996582724034,False,,,0.0,"diplom_risk_missing,diplom_risk_stale",106,0,92,14,0,"gate_stress,stress_edge,may_like_regime"
