window_id,validation_start,validation_end,selection_start,selection_end,gate_start,gate_end,test_start,test_end,selected,gate_pass,gate_reject_reasons,alpha_name,mode,k,gross,rebalance_every,raw_alpha_name,raw_mode,raw_k,raw_gross,raw_rebalance_every,selection_initial_cash,selection_final_equity,selection_pnl,selection_return_pct,selection_max_drawdown_pct,selection_sharpe_like,selection_bars,selection_active_rate,selection_avg_turnover_per_bar,selection_total_turnover,selection_mean_gross_exposure,selection_stop_exits,selection_take_profit_exits,selection_filter_exits,selection_diplom_risk_available,selection_diplom_risk_class,selection_diplom_p_high,selection_diplom_risk_penalty_pct,selection_diplom_risk_reason,selection_diplom_risk_active_count,selection_diplom_risk_available_count,selection_diplom_risk_missing_count,selection_diplom_risk_stale_count,selection_diplom_risk_changed_count,selection_stress_return_pct,worst_selection_segment_return_pct,validation_initial_cash,validation_final_equity,validation_pnl,validation_return_pct,validation_max_drawdown_pct,validation_sharpe_like,validation_bars,validation_active_rate,validation_avg_turnover_per_bar,validation_total_turnover,validation_mean_gross_exposure,validation_stop_exits,validation_take_profit_exits,validation_filter_exits,validation_diplom_risk_available,validation_diplom_risk_class,validation_diplom_p_high,validation_diplom_risk_penalty_pct,validation_diplom_risk_reason,validation_diplom_risk_active_count,validation_diplom_risk_available_count,validation_diplom_risk_missing_count,validation_diplom_risk_stale_count,validation_diplom_risk_changed_count,validation_stress_return_pct,worst_validation_segment_return_pct,gate_initial_cash,gate_final_equity,gate_pnl,gate_return_pct,gate_max_drawdown_pct,gate_sharpe_like,gate_bars,gate_active_rate,gate_avg_turnover_per_bar,gate_total_turnover,gate_mean_gross_exposure,gate_stop_exits,gate_take_profit_exits,gate_filter_exits,gate_diplom_risk_available,gate_diplom_risk_class,gate_diplom_p_high,gate_diplom_risk_penalty_pct,gate_diplom_risk_reason,gate_diplom_risk_active_count,gate_diplom_risk_available_count,gate_diplom_risk_missing_count,gate_diplom_risk_stale_count,gate_diplom_risk_changed_count,gate_stress_return_pct,worst_gate_segment_return_pct,expected_return_pct,calibrated_expected_return_pct,uncertainty_pct,neural_uncertainty_pct,uses_neural_feature,neural_feature_bonus_pct,regime_risk,stress_edge_pct,decision_score,trade_probability,decision_mode,calibration_count,calibration_bias_pct,calibration_win_rate,calibration_mean_raw_test_return_pct,selection_period_count,selection_period_win_rate,selection_worst_period_return_pct,gate_period_count,gate_period_win_rate,gate_worst_period_return_pct,diplom_risk_available,diplom_risk_class,diplom_p_high,diplom_risk_penalty_pct,diplom_risk_reason,diplom_risk_active_count,diplom_risk_available_count,diplom_risk_missing_count,diplom_risk_stale_count,diplom_risk_changed_count,soft_risk_flags,test_initial_cash,test_final_equity,test_pnl,test_return_pct,test_max_drawdown_pct,test_sharpe_like,test_bars,test_active_rate,test_avg_turnover_per_bar,test_total_turnover,test_mean_gross_exposure,test_stop_exits,test_take_profit_exits,test_filter_exits,worst_test_segment_return_pct,test_stress_return_pct,raw_test_initial_cash,raw_test_final_equity,raw_test_pnl,raw_test_return_pct,raw_test_max_drawdown_pct,raw_test_sharpe_like,raw_test_bars,raw_test_active_rate,raw_test_avg_turnover_per_bar,raw_test_total_turnover,raw_test_mean_gross_exposure,raw_test_stop_exits,raw_test_take_profit_exits,raw_test_filter_exits,raw_test_diplom_risk_available,raw_test_diplom_risk_class,raw_test_diplom_p_high,raw_test_diplom_risk_penalty_pct,raw_test_diplom_risk_reason,raw_test_diplom_risk_active_count,raw_test_diplom_risk_available_count,raw_test_diplom_risk_missing_count,raw_test_diplom_risk_stale_count,raw_test_diplom_risk_changed_count,raw_test_stress_return_pct,test_diplom_risk_available,test_diplom_risk_class,test_diplom_p_high,test_diplom_risk_penalty_pct,test_diplom_risk_reason,test_diplom_risk_active_count,test_diplom_risk_available_count,test_diplom_risk_missing_count,test_diplom_risk_stale_count,test_diplom_risk_changed_count
1,2022-09-01T09:50:00,2022-12-30T09:50:00,2022-09-01T09:50:00,2022-11-30T09:50:00,2022-11-30T09:50:00,2022-12-30T09:50:00,2022-12-30T09:50:00,2023-01-29T09:50:00,cash_gate_veto,False,decision_score,cash,cash,0,0.0,0,neural_ensemble,short_only,3,0.5,24,10000.0,9917.747905774664,-82.2520942253359,-0.8225209422533575,-10.089140446322586,-0.02698181806474187,5026,0.9952248308794269,0.03717336540102627,186.833334505558,0.49761241543971346,0,0,0,False,,,0.0,diplom_risk_missing,627,0,627,0,0,-17.745412975950124,-5.314128017332765,10000.0,9985.608203669148,-14.39179633085223,-0.14391796330852635,-3.162945428172237,-0.044226166101695906,1826,1.0,0.03660094953445067,66.83333384990692,0.5,0,0,0,False,,,0.0,diplom_risk_missing,231,0,231,0,0,-6.6072916357461375,-1.8912307436905862,10000.0,9985.608203669148,-14.39179633085223,-0.14391796330852635,-3.162945428172237,-0.044226166101695906,1826,1.0,0.03660094953445067,66.83333384990692,0.5,0,0,0,False,,,0.0,diplom_risk_missing,231,0,231,0,0,-6.6072916357461375,-1.8912307436905862,-6.6072916357461375,-6.6072916357461375,6.792905823421188,3.2970398241146044,True,0.0,0.9033353614918825,-10.339811716181377,-10.339811716181377,0.17914535308281784,balanced,0,0.0,,,3,0.3333333333333333,-2.6772553118766695,2,0.5,-0.6465756497051944,False,,,0.0,diplom_risk_missing,231,0,231,0,0,"gate_stress,stress_edge,may_like_regime",10000.0,10000.0,0.0,0.0,0.0,0.0,0,0.0,0.0,0.0,0.0,0,0,0,0.0,0.0,10000.0,9262.798981199106,-737.2010188008935,-7.372010188008938,-8.935375536009104,-5.6350932319464135,1660,1.0,0.03744979938828802,62.166666984558105,0.5,0,0,0,False,,,0.0,diplom_risk_missing,210,0,210,0,0,-12.962517180771771,,,,,,,,,,
2,2022-10-01T09:50:00,2023-01-29T09:50:00,2022-10-01T09:50:00,2022-12-30T09:50:00,2022-12-30T09:50:00,2023-01-29T09:50:00,2023-01-29T09:50:00,2023-02-28T09:50:00,cash_gate_veto,False,decision_score,cash,cash,0,0.0,0,mom_96,short_only,1,0.5,24,10000.0,10397.929737146678,397.92973714667824,3.9792973714667834,-9.413378950949946,0.5844872120346383,5229,1.0,0.02438324727481354,127.5,0.5,0,0,0,False,,,0.0,diplom_risk_missing,218,0,218,0,0,-8.485328644913604,-4.100177443276087,10000.0,9759.68646605997,-240.31353394003054,-2.4031353394003085,-4.875667333380374,-1.1873821431755895,1660,1.0,0.0213855421686747,35.5,0.5,0,0,0,False,,,0.0,diplom_risk_missing,70,0,70,0,0,-5.811461461484269,-2.491279349424358,10000.0,9759.68646605997,-240.31353394003054,-2.4031353394003085,-4.875667333380374,-1.1873821431755895,1660,1.0,0.0213855421686747,35.5,0.5,0,0,0,False,,,0.0,diplom_risk_missing,70,0,70,0,0,-5.811461461484269,-2.491279349424358,-5.811461461484269,-5.811461461484269,6.2712228870559095,3.1348233357337967,False,0.0,0.8773473383355984,-9.322410479457236,-9.322410479457236,0.1844419389367416,balanced,1,0.0,,,3,0.6666666666666666,-2.9110620733281967,2,0.5,-2.9522001782731233,False,,,0.0,diplom_risk_missing,70,0,70,0,0,"gate_stress,stress_edge,may_like_regime",10000.0,10000.0,0.0,0.0,0.0,0.0,0,0.0,0.0,0.0,0.0,0,0,0,0.0,0.0,10000.0,10112.072866546057,112.07286654605741,1.1207286654605797,-4.630483772764215,0.6480850636789225,1660,1.0,0.0286144578313253,47.5,0.5,0,0,0,False,,,0.0,diplom_risk_missing,70,0,70,0,0,-3.5766257989761963,,,,,,,,,,
3,2022-10-31T09:50:00,2023-02-28T09:50:00,2022-10-31T09:50:00,2023-01-29T09:50:00,2023-01-29T09:50:00,2023-02-28T09:50:00,2023-02-28T09:50:00,2023-03-30T09:50:00,cash_gate_veto,False,decision_score,cash,cash,0,0.0,0,mom_96,short_only,1,0.5,24,10000.0,10047.837686091316,47.837686091315845,0.47837686091316556,-7.567758955228787,0.15343274240068883,5229,1.0,0.025530694205393,133.5,0.5,0,0,0,False,,,0.0,diplom_risk_missing,218,0,218,0,0,-12.096306902971243,-3.396174609831726,10000.0,10112.072866546057,112.07286654605741,1.1207286654605797,-4.630483772764215,0.6480850636789225,1660,1.0,0.0286144578313253,47.5,0.5,0,0,0,False,,,0.0,diplom_risk_missing,70,0,70,0,0,-3.5766257989761963,-1.7331618467823162,10000.0,10112.072866546057,112.07286654605741,1.1207286654605797,-4.630483772764215,0.6480850636789225,1660,1.0,0.0286144578313253,47.5,0.5,0,0,0,False,,,0.0,diplom_risk_missing,70,0,70,0,0,-3.5766257989761963,-1.7331618467823162,-3.5766257989761963,-3.5766257989761963,7.270591765272736,3.034223460126668,False,0.0,0.8961090631015701,-7.465496511474009,-7.465496511474009,0.26370354870663965,balanced,2,0.0,,,4,0.5,-4.661305688503914,2,1.0,0.4532128383833989,False,,,0.0,diplom_risk_missing,70,0,70,0,0,"gate_stress,stress_edge,may_like_regime",10000.0,10000.0,0.0,0.0,0.0,0.0,0,0.0,0.0,0.0,0.0,0,0,0,0.0,0.0,10000.0,9726.273805696088,-273.72619430391205,-2.7372619430391154,-5.625596680663958,-1.5384156141560852,1744,1.0,0.02264908256880734,39.5,0.5,0,0,0,False,,,0.0,diplom_risk_missing,73,0,73,0,0,-6.510277071958049,,,,,,,,,,
4,2022-11-30T09:50:00,2023-03-30T09:50:00,2022-11-30T09:50:00,2023-02-28T09:50:00,2023-02-28T09:50:00,2023-03-30T09:50:00,2023-03-30T09:50:00,2023-04-29T09:50:00,cash_gate_veto,False,decision_score,cash,cash,0,0.0,0,mom_96,short_only,1,0.5,24,10000.0,9950.229330812248,-49.77066918775199,-0.4977066918775197,-11.164394578423497,0.024897395661278063,5146,1.0,0.02633113097551496,135.5,0.5,0,0,0,False,,,0.0,diplom_risk_missing,215,0,215,0,0,-13.125241724654424,-2.9514824294180175,10000.0,9726.273805696088,-273.72619430391205,-2.7372619430391154,-5.625596680663958,-1.5384156141560852,1744,1.0,0.02264908256880734,39.5,0.5,0,0,0,False,,,0.0,diplom_risk_missing,73,0,73,0,0,-6.510277071958049,-2.931637610868265,10000.0,9726.273805696088,-273.72619430391205,-2.7372619430391154,-5.625596680663958,-1.5384156141560852,1744,1.0,0.02264908256880734,39.5,0.5,0,0,0,False,,,0.0,diplom_risk_missing,73,0,73,0,0,-6.510277071958049,-2.931637610868265,-6.510277071958049,-6.510277071958049,6.303470830685601,2.652621366185685,False,0.0,0.8458047498907162,-9.985198987534083,-9.985198987534083,0.1702184995478364,balanced,3,0.0,,,4,0.25,-3.135340525878194,2,0.0,-1.9353226726088413,False,,,0.0,diplom_risk_missing,73,0,73,0,0,"gate_stress,gate_month_win_rate,stress_edge,may_like_regime",10000.0,10000.0,0.0,0.0,0.0,0.0,0,0.0,0.0,0.0,0.0,0,0,0,0.0,0.0,10000.0,9663.55993271527,-336.4400672847296,-3.364400672847301,-6.584154534737985,-1.6683614780582365,1826,1.0,0.027656078860898138,50.5,0.5,0,0,0,False,,,0.0,diplom_risk_missing,77,0,77,0,0,-8.130955094965897,,,,,,,,,,
5,2022-12-30T09:50:00,2023-04-29T09:50:00,2022-12-30T09:50:00,2023-03-30T09:50:00,2023-03-30T09:50:00,2023-04-29T09:50:00,2023-04-29T09:50:00,2023-05-29T09:50:00,cash_gate_veto,False,decision_score,cash,cash,0,0.0,0,voladj_mom_96,long_only,3,0.5,24,10000.0,9534.559905305628,-465.4400946943715,-4.654400946943715,-9.77722234375552,-1.2331815400818258,5064,1.0,0.02438783626208938,123.50000283122063,0.5,0,0,0,False,,,0.0,diplom_risk_missing,633,0,633,0,0,-15.741482250431659,-3.4211548196289687,10000.0,9783.56068469051,-216.43931530948976,-2.164393153094901,-5.61957817832287,-1.3181447645106013,1826,1.0,0.02382256343618019,43.50000083446503,0.5,0,0,0,False,,,0.0,diplom_risk_missing,231,0,231,0,0,-6.333051272224733,-4.129791072140576,10000.0,9783.56068469051,-216.43931530948976,-2.164393153094901,-5.61957817832287,-1.3181447645106013,1826,1.0,0.02382256343618019,43.50000083446503,0.5,0,0,0,False,,,0.0,diplom_risk_missing,231,0,231,0,0,-6.333051272224733,-4.129791072140576,-6.333051272224733,-5.063962293508498,6.274247556858436,2.3813154766118374,False,0.0,0.9241490534611868,-8.64617251860073,-8.64617251860073,0.2013237531535224,balanced,4,2.5381779574324694,0.25,-3.0882360346086934,4,0.25,-4.8192371520085935,2,0.5,-2.799422924238737,False,,,0.0,diplom_risk_missing,231,0,231,0,0,"gate_stress,stress_edge,may_like_regime",10000.0,10000.0,0.0,0.0,0.0,0.0,0,0.0,0.0,0.0,0.0,0,0,0,0.0,0.0,10000.0,9801.093238603245,-198.90676139675452,-1.9890676139675434,-4.903610928534263,-1.627884223581076,1494,1.0,0.02487728745742655,37.166667461395264,0.5,0,0,0,False,,,0.0,diplom_risk_missing,189,0,189,0,0,-5.568482424936516,,,,,,,,,,
6,2023-01-29T09:50:00,2023-05-29T09:50:00,2023-01-29T09:50:00,2023-04-29T09:50:00,2023-04-29T09:50:00,2023-05-29T09:50:00,2023-05-29T09:50:00,2023-06-28T09:50:00,cash_gate_veto,False,decision_score,cash,cash,0,0.0,0,mom_48,long_only,1,0.5,24,10000.0,11023.789251367065,1023.7892513670649,10.237892513670644,-13.857000356187765,1.1518634032943524,5230,1.0,0.029732313575525814,155.5,0.5,0,0,0,False,,,0.0,diplom_risk_missing,218,0,218,0,0,-5.660368702389973,-11.142186984747426,10000.0,9220.245068473641,-779.7549315263586,-7.797549315263586,-9.652785241251138,-3.3032571920207254,1494,1.0,0.03112449799196787,46.5,0.5,0,0,0,False,,,0.0,diplom_risk_missing,63,0,63,0,0,-11.993905689912864,-2.4458893438533913,10000.0,9220.245068473641,-779.7549315263586,-7.797549315263586,-9.652785241251138,-3.3032571920207254,1494,1.0,0.03112449799196787,46.5,0.5,0,0,0,False,,,0.0,diplom_risk_missing,63,0,63,0,0,-11.993905689912864,-2.4458893438533913,-11.993905689912864,-10.544236141114158,11.333345114647837,2.6080737077069305,False,0.0,0.8997415195193372,-15.860519210519907,-15.860519210519907,0.1979024307514017,balanced,5,2.899339097597413,0.2,-2.8684023504804634,4,0.5,-3.1839303806287744,1,0.0,-7.797549315263586,False,,,0.0,diplom_risk_missing,63,0,63,0,0,"gate_stress,gate_month_win_rate,stress_edge,may_like_regime",10000.0,10000.0,0.0,0.0,0.0,0.0,0,0.0,0.0,0.0,0.0,0,0,0,0.0,0.0,10000.0,10011.438605103418,11.438605103418013,0.11438605103417654,-8.997185609329206,0.15406136163636858,1743,1.0,0.028973034997131383,50.5,0.5,0,0,0,False,,,0.0,diplom_risk_missing,73,0,73,0,0,-4.820632328127616,,,,,,,,,,
7,2023-02-28T09:50:00,2023-06-28T09:50:00,2023-02-28T09:50:00,2023-05-29T09:50:00,2023-05-29T09:50:00,2023-06-28T09:50:00,2023-06-28T09:50:00,2023-07-28T09:50:00,cash_gate_veto,False,decision_score,cash,cash,0,0.0,0,mom_48,long_only,1,0.5,24,10000.0,10435.695708384943,435.6957083849429,4.356957083849422,-12.794003595156422,0.5921996055163782,5064,1.0,0.030312006319115323,153.5,0.5,0,0,0,False,,,0.0,diplom_risk_missing,211,0,211,0,0,-10.512489890472665,-4.706105675965999,10000.0,10011.438605103418,11.438605103418013,0.11438605103417654,-8.997185609329206,0.15406136163636858,1743,1.0,0.028973034997131383,50.5,0.5,0,0,0,False,,,0.0,diplom_risk_missing,73,0,73,0,0,-4.820632328127616,-2.852870879283609,10000.0,10011.438605103418,11.438605103418013,0.11438605103417654,-8.997185609329206,0.15406136163636858,1743,1.0,0.028973034997131383,50.5,0.5,0,0,0,False,,,0.0,diplom_risk_missing,73,0,73,0,0,-4.820632328127616,-2.852870879283609,-4.820632328127616,-2.603550059049774,11.676820324282332,2.656999246013185,False,0.0,0.8902137074308616,-8.025757733694881,-8.025757733694881,0.33462864825347954,balanced,6,4.4341645381556845,0.3333333333333333,-2.3712709502280234,4,0.75,-9.508122848373157,2,0.5,-0.6407449911394747,False,,,0.0,diplom_risk_missing,73,0,73,0,0,"gate_stress,stress_edge,may_like_regime",10000.0,10000.0,0.0,0.0,0.0,0.0,0,0.0,0.0,0.0,0.0,0,0,0,0.0,0.0,10000.0,9767.483825001755,-232.51617499824533,-2.3251617499824517,-7.959120920636387,-0.9283885924925057,1826,1.0,0.03148959474260679,57.5,0.5,0,0,0,False,,,0.0,diplom_risk_missing,77,0,77,0,0,-7.791454501286266,,,,,,,,,,
8,2023-03-30T09:50:00,2023-07-28T09:50:00,2023-03-30T09:50:00,2023-06-28T09:50:00,2023-06-28T09:50:00,2023-07-28T09:50:00,2023-07-28T09:50:00,2023-08-27T09:50:00,cash_gate_veto,False,decision_score,cash,cash,0,0.0,0,mom_48,long_only,1,0.5,24,10000.0,10447.59745077132,447.5974507713199,4.4759745077131985,-12.69051343785491,0.5919338897358454,5063,1.0,0.029132925143195734,147.5,0.5,0,0,0,False,,,0.0,diplom_risk_missing,211,0,211,0,0,-9.868932775279681,-9.485293829112006,10000.0,9767.483825001755,-232.51617499824533,-2.3251617499824517,-7.959120920636387,-0.9283885924925057,1826,1.0,0.03148959474260679,57.5,0.5,0,0,0,False,,,0.0,diplom_risk_missing,77,0,77,0,0,-7.791454501286266,-2.604797051734109,10000.0,9767.483825001755,-232.51617499824533,-2.3251617499824517,-7.959120920636387,-0.9283885924925057,1826,1.0,0.03148959474260679,57.5,0.5,0,0,0,False,,,0.0,diplom_risk_missing,77,0,77,0,0,-7.791454501286266,-2.604797051734109,-7.791454501286266,-5.712850372209175,11.454873624210812,2.8159022506616718,False,0.0,0.6520432440266954,-10.700121006723002,-10.700121006723002,0.2820914698301987,balanced,7,4.157208258154182,0.2857142857142857,-2.364683921621513,4,0.5,-5.576569274093213,2,0.0,-2.1351865951642734,False,,,0.0,diplom_risk_missing,77,0,77,0,0,"gate_stress,gate_month_win_rate,stress_edge",10000.0,10000.0,0.0,0.0,0.0,0.0,0,0.0,0.0,0.0,0.0,0,0,0,0.0,0.0,10000.0,10112.510985691813,112.5109856918134,1.1251098569181384,-8.102091297731429,0.47812507445530206,1743,1.0,0.02725186460126219,47.5,0.5,0,0,0,False,,,0.0,diplom_risk_missing,73,0,73,0,0,-3.569844144663259,,,,,,,,,,
9,2023-04-29T09:50:00,2023-08-27T09:50:00,2023-04-29T09:50:00,2023-07-28T09:50:00,2023-07-28T09:50:00,2023-08-27T09:50:00,2023-08-27T09:50:00,2023-09-26T09:50:00,cash_gate_veto,False,decision_score,cash,cash,0,0.0,0,mom_96,long_only,3,0.5,24,10000.0,10090.402562035062,90.40256203506215,0.9040256203506125,-7.4658269737463145,0.2593010724004895,5063,1.0,0.019784054742272888,100.16666916012764,0.5,0,0,0,False,,,0.0,diplom_risk_missing,633,0,633,0,0,-8.721519241743426,-2.616632930757845,10000.0,9804.452643066896,-195.5473569331043,-1.9554735693310454,-5.779131969402307,-0.9524417034329765,1743,1.0,0.020558424691530186,35.83333423733711,0.5,0,0,0,False,,,0.0,diplom_risk_missing,219,0,219,0,0,-5.4087210382793955,-1.5584343509872478,10000.0,9804.452643066896,-195.5473569331043,-1.9554735693310454,-5.779131969402307,-0.9524417034329765,1743,1.0,0.020558424691530186,35.83333423733711,0.5,0,0,0,False,,,0.0,diplom_risk_missing,219,0,219,0,0,-5.4087210382793955,-1.5584343509872478,-5.4087210382793955,-3.0326571529491657,6.505347496097046,2.508985103835186,False,0.0,0.8915975065011987,-6.646925036334929,-6.646925036334929,0.26468408205180444,balanced,8,4.75212777066046,0.375,-1.928459699304057,3,0.3333333333333333,-3.2152419486842,2,0.5,-3.397763293425804,False,,,0.0,diplom_risk_missing,219,0,219,0,0,"gate_stress,stress_edge,may_like_regime",10000.0,10000.0,0.0,0.0,0.0,0.0,0,0.0,0.0,0.0,0.0,0,0,0,0.0,0.0,10000.0,9086.44256795224,-913.5574320477608,-9.135574320477613,-10.920447110129194,-5.6297895072888124,1743,1.0,0.02151463047841193,37.500000923871994,0.5,0,0,0,False,,,0.0,diplom_risk_missing,219,0,219,0,0,-12.483508550029187,,,,,,,,,,
10,2023-05-29T09:50:00,2023-09-26T09:50:00,2023-05-29T09:50:00,2023-08-27T09:50:00,2023-08-27T09:50:00,2023-09-26T09:50:00,2023-09-26T09:50:00,2023-10-26T09:50:00,cash_gate_veto,False,"decision_score,catastrophic_regime_risk",cash,cash,0,0.0,0,voladj_mom_96,long_only,1,0.5,24,10000.0,10518.735605178676,518.7356051786755,5.187356051786751,-10.51378625020144,0.7903624529063668,5312,1.0,0.03096762048192771,164.5,0.5,0,0,0,False,,,0.0,diplom_risk_missing,222,0,222,0,0,-10.788995161320258,-7.047776412043527,10000.0,9479.122852743109,-520.8771472568915,-5.208771472568918,-10.506339407755217,-2.394134305002688,1743,1.0,0.03126792885829031,54.5,0.5,0,0,0,False,,,0.0,diplom_risk_missing,73,0,73,0,0,-10.244729430759614,-2.8401271922676163,10000.0,9479.122852743109,-520.8771472568915,-5.208771472568918,-10.506339407755217,-2.394134305002688,1743,1.0,0.03126792885829031,54.5,0.5,0,0,0,False,,,0.0,diplom_risk_missing,73,0,73,0,0,-10.244729430759614,-2.8401271922676163,-10.244729430759614,-8.339720048365978,8.67985855317824,2.500619202188841,False,0.0,1.0,-12.877670541978361,-12.877670541978361,0.1848802414109016,balanced,9,3.810018764787273,0.3333333333333333,-2.7292502127677856,4,0.75,-3.0042816779866977,2,0.5,-5.370514040831898,False,,,0.0,diplom_risk_missing,73,0,73,0,0,"gate_stress,stress_edge,may_like_regime",10000.0,10000.0,0.0,0.0,0.0,0.0,0,0.0,0.0,0.0,0.0,0,0,0,0.0,0.0,10000.0,8940.604665223122,-1059.3953347768784,-10.593953347768782,-10.837016950790336,-5.543988967501241,1826,1.0,0.030941949616648413,56.5,0.5,0,0,0,False,,,0.0,diplom_risk_missing,77,0,77,0,0,-15.512717999349102,,,,,,,,,,
11,2023-06-28T09:50:00,2023-10-26T09:50:00,2023-06-28T09:50:00,2023-09-26T09:50:00,2023-09-26T09:50:00,2023-10-26T09:50:00,2023-10-26T09:50:00,2023-11-25T09:50:00,cash_gate_veto,False,decision_score,cash,cash,0,0.0,0,voladj_mom_96,short_only,1,0.5,24,10000.0,9963.362178977657,-36.637821022342905,-0.3663782102234281,-6.015356540747973,-0.013885327602314756,5312,1.0,0.030402861445783132,161.5,0.5,0,0,0,False,,,0.0,diplom_risk_missing,222,0,222,0,0,-15.246487966231303,-2.125135654632815,10000.0,9567.915385259827,-432.0846147401735,-4.320846147401736,-7.9844560644942835,-2.17318793200592,1826,1.0,0.032037239868565166,58.5,0.5,0,0,0,False,,,0.0,diplom_risk_missing,77,0,77,0,0,-9.765190316194817,-2.8197024849401564,10000.0,9567.915385259827,-432.0846147401735,-4.320846147401736,-7.9844560644942835,-2.17318793200592,1826,1.0,0.032037239868565166,58.5,0.5,0,0,0,False,,,0.0,diplom_risk_missing,77,0,77,0,0,-9.765190316194817,-2.8197024849401564,-9.765190316194817,-8.068143067891002,7.019210692738696,2.2517566185130122,False,0.0,0.8521945122085955,-11.803158578662439,-11.803158578662439,0.15689024123240147,balanced,10,3.3940944966076287,0.3,-3.5157205262678852,4,0.75,-4.142018106361311,2,0.0,-2.6532571626138646,False,,,0.0,diplom_risk_missing,77,0,77,0,0,"gate_stress,gate_month_win_rate,stress_edge,may_like_regime",10000.0,10000.0,0.0,0.0,0.0,0.0,0,0.0,0.0,0.0,0.0,0,0,0,0.0,0.0,10000.0,8794.223162114928,-1205.7768378850724,-12.057768378850719,-14.940429002789447,-3.7051217229444307,1826,1.0,0.03258488499452355,59.5,0.5,0,0,0,False,,,0.0,diplom_risk_missing,77,0,77,0,0,-17.14482165535832,,,,,,,,,,
12,2023-07-28T09:50:00,2023-11-25T09:50:00,2023-07-28T09:50:00,2023-10-26T09:50:00,2023-10-26T09:50:00,2023-11-25T09:50:00,2023-11-25T09:50:00,2023-12-25T09:50:00,cash_gate_veto,False,catastrophic_regime_risk,cash,cash,0,0.0,0,mom_96,short_only,1,0.5,24,10000.0,10084.230545149065,84.23054514906471,0.8423054514906436,-6.280753000124273,0.2060838601553053,5312,1.0,0.02739081325301205,145.5,0.5,0,0,0,False,,,0.0,diplom_risk_missing,222,0,222,0,0,-12.832109736984144,-3.1177818060196483,10000.0,10962.716101856746,962.7161018567458,9.627161018567465,-12.458372441893317,2.1060212025984524,1826,1.0,0.019989047097480832,36.5,0.5,0,0,0,False,,,0.0,diplom_risk_missing,77,0,77,0,0,5.691259278916139,-8.46880987235873,10000.0,10962.716101856746,962.7161018567458,9.627161018567465,-12.458372441893317,2.1060212025984524,1826,1.0,0.019989047097480832,36.5,0.5,0,0,0,False,,,0.0,diplom_risk_missing,77,0,77,0,0,5.691259278916139,-8.46880987235873,5.691259278916139,7.129821410889793,8.174385345226241,2.7715736755182023,False,0.0,1.0,2.768786540060608,2.768786540060608,0.5838783356867677,balanced,11,2.877124263947308,0.2727272727272727,-4.292270331048143,4,0.25,-1.4774032174678542,2,0.5,-0.6038397164827791,False,,,0.0,diplom_risk_missing,77,0,77,0,0,may_like_regime,10000.0,10000.0,0.0,0.0,0.0,0.0,0,0.0,0.0,0.0,0.0,0,0,0,0.0,0.0,10000.0,9648.361550654787,-351.6384493452133,-3.5163844934521293,-9.791843008603573,-1.2415410034452743,1660,1.0,0.026807228915662652,44.5,0.5,0,0,0,False,,,0.0,diplom_risk_missing,70,0,70,0,0,-7.720338429654639,,,,,,,,,,
13,2023-08-27T09:50:00,2023-12-25T09:50:00,2023-08-27T09:50:00,2023-11-25T09:50:00,2023-11-25T09:50:00,2023-12-25T09:50:00,2023-12-25T09:50:00,2024-01-24T09:50:00,cash_gate_veto,False,"decision_score,catastrophic_regime_risk",cash,cash,0,0.0,0,mom_96,short_only,1,1.5,24,10000.0,15008.714921124903,5008.714921124903,50.08714921124904,-31.219733849723486,1.8124023484848686,5395,1.0,0.0675625579240037,364.5,1.5,0,0,0,False,,,0.0,diplom_risk_missing,225,0,225,0,0,4.112795081830978,-22.92167896314433,10000.0,8834.114867603363,-1165.8851323966373,-11.658851323966369,-27.292804909916523,-1.2415409820859087,1660,1.0,0.08042168674698795,133.5,1.5,0,0,0,False,,,0.0,diplom_risk_missing,70,0,70,0,0,-22.73366552687999,-8.256320326006927,10000.0,8834.114867603363,-1165.8851323966373,-11.658851323966369,-27.292804909916523,-1.2415409820859087,1660,1.0,0.08042168674698795,133.5,1.5,0,0,0,False,,,0.0,diplom_risk_missing,70,0,70,0,0,-22.73366552687999,-8.256320326006927,-22.73366552687999,-21.798635396419485,24.42843644019067,2.5099808047525585,False,0.0,1.0,-31.84858815048622,-31.84858815048622,0.2135344773774858,balanced,12,1.8700602609210097,0.25,-4.227613177915141,4,1.0,4.41221990920635,2,0.5,-17.0820274789503,False,,,0.0,diplom_risk_missing,70,0,70,0,0,"gate_stress,stress_edge,may_like_regime",10000.0,10000.0,0.0,0.0,0.0,0.0,0,0.0,0.0,0.0,0.0,0,0,0,0.0,0.0,10000.0,10791.162540349187,791.1625403491871,7.911625403491862,-11.608789939515074,1.9934787718736837,1660,1.0,0.06957831325301204,115.5,1.5,0,0,0,False,,,0.0,diplom_risk_missing,70,0,70,0,0,-3.9015986218769783,,,,,,,,,,
14,2023-09-26T09:50:00,2024-01-24T09:50:00,2023-09-26T09:50:00,2023-12-25T09:50:00,2023-12-25T09:50:00,2024-01-24T09:50:00,2024-01-24T09:50:00,2024-02-23T09:50:00,cash_gate_veto,False,decision_score,cash,cash,0,0.0,0,mom_96,short_only,3,0.5,24,10000.0,10005.971747076068,5.971747076067913,0.05971747076067846,-6.160861737764622,0.06965601153421605,5312,1.0,0.021366717355572676,113.50000259280205,0.5,0,0,0,False,,,0.0,diplom_risk_missing,666,0,666,0,0,-10.68659318537537,-4.5928652927079705,10000.0,10003.2021695499,3.2021695499006455,0.03202169549900713,-3.736630871931812,0.06981176024763817,1660,1.0,0.021184739452528665,35.166667491197586,0.5,0,0,0,False,,,0.0,diplom_risk_missing,210,0,210,0,0,-3.4276174844259932,-2.285669598191864,10000.0,10003.2021695499,3.2021695499006455,0.03202169549900713,-3.736630871931812,0.06981176024763817,1660,1.0,0.021184739452528665,35.166667491197586,0.5,0,0,0,False,,,0.0,diplom_risk_missing,210,0,210,0,0,-3.4276174844259932,-2.285669598191864,-3.4276174844259932,-1.3858477128327635,4.833478189127804,2.093623152800969,False,0.0,0.8695756383796447,-4.381928536596962,-4.381928536596962,0.28770044400222416,balanced,13,4.083539543186459,0.3076923076923077,-3.2938255947299875,4,0.25,-1.4368405608391144,2,0.5,-2.2084780994937603,False,,,0.0,diplom_risk_missing,210,0,210,0,0,"gate_stress,stress_edge,may_like_regime",10000.0,10000.0,0.0,0.0,0.0,0.0,0,0.0,0.0,0.0,0.0,0,0,0,0.0,0.0,10000.0,9760.864226791793,-239.13577320820696,-2.3913577320820667,-4.838351393609042,-2.1021212845239146,1811,1.0,0.023283637504693488,42.16666752099991,0.5,0,0,0,False,,,0.0,diplom_risk_missing,228,0,228,0,0,-6.425539762881238,,,,,,,,,,
15,2023-10-26T09:50:00,2024-02-23T09:50:00,2023-10-26T09:50:00,2024-01-24T09:50:00,2024-01-24T09:50:00,2024-02-23T09:50:00,2024-02-23T09:50:00,2024-03-24T09:50:00,cash_gate_veto,False,decision_score,cash,cash,0,0.0,0,mom_48,short_only,1,1.5,24,10000.0,12476.982546887482,2476.9825468874824,24.769825468874828,-32.819910907932616,1.164745724534201,5146,1.0,0.09298484259619122,478.5,1.5,0,0,0,False,,,0.0,diplom_risk_missing,215,0,215,0,0,-22.837706099941933,-11.734079388711116,10000.0,10064.406505770436,64.40650577043561,0.6440650577043572,-11.917206090338672,0.31879631509574685,1811,1.0,0.09690778575372722,175.5,1.5,0,0,0,False,,,0.0,diplom_risk_missing,76,0,76,0,0,-15.62157448947179,-6.088160890393624,10000.0,10064.406505770436,64.40650577043561,0.6440650577043572,-11.917206090338672,0.31879631509574685,1811,1.0,0.09690778575372722,175.5,1.5,0,0,0,False,,,0.0,diplom_risk_missing,76,0,76,0,0,-15.62157448947179,-6.088160890393624,-15.62157448947179,-13.68863613898008,23.801153068682545,2.2096547972116816,False,0.0,0.8483826367856415,-23.29161366819743,-23.29161366819743,0.2731712869542338,balanced,14,3.8658767009834207,0.2857142857142857,-3.22936360454085,4,0.75,-8.00265455366903,2,0.5,-2.7818738596637416,False,,,0.0,diplom_risk_missing,76,0,76,0,0,"gate_stress,stress_edge,may_like_regime",10000.0,10000.0,0.0,0.0,0.0,0.0,0,0.0,0.0,0.0,0.0,0,0,0,0.0,0.0,10000.0,7887.869359527784,-2112.1306404722163,-21.121306404722162,-24.198591645976563,-4.42561278590817,1577,1.0,0.09606848446417247,151.5,1.5,0,0,0,False,,,0.0,diplom_risk_missing,66,0,66,0,0,-32.26620485566144,,,,,,,,,,
16,2023-11-25T09:50:00,2024-03-24T09:50:00,2023-11-25T09:50:00,2024-02-23T09:50:00,2024-02-23T09:50:00,2024-03-24T09:50:00,2024-03-24T09:50:00,2024-04-23T09:50:00,cash_gate_veto,False,decision_score,cash,cash,0,0.0,0,mom_96,short_only,1,0.5,24,10000.0,10238.211864183566,238.21186418356592,2.382118641835662,-10.015339374176701,0.45528107691676256,5131,1.0,0.025433638666926526,130.5,0.5,0,0,0,False,,,0.0,diplom_risk_missing,214,0,214,0,0,-10.158428625267558,-1.0283932125415562,10000.0,9056.648957402798,-943.3510425972017,-9.433510425972013,-12.327835841157253,-5.602986160859489,1577,1.0,0.025047558655675334,39.5,0.5,0,0,0,False,,,0.0,diplom_risk_missing,66,0,66,0,0,-12.946341373303694,-5.042970748947518,10000.0,9056.648957402798,-943.3510425972017,-9.433510425972013,-12.327835841157253,-5.602986160859489,1577,1.0,0.025047558655675334,39.5,0.5,0,0,0,False,,,0.0,diplom_risk_missing,66,0,66,0,0,-12.946341373303694,-5.042970748947518,-12.946341373303694,-11.325589976686443,7.7276957905162815,2.2800732426923895,False,0.0,0.8787233332787049,-15.348368503285197,-15.348368503285197,0.12066469401390091,balanced,15,3.2415027932345013,0.26666666666666666,-4.422159791219604,4,0.5,-2.9139190242003843,2,0.0,-4.969169320007971,False,,,0.0,diplom_risk_missing,66,0,66,0,0,"gate_stress,gate_month_win_rate,stress_edge,may_like_regime",10000.0,10000.0,0.0,0.0,0.0,0.0,0,0.0,0.0,0.0,0.0,0,0,0,0.0,0.0,10000.0,8684.287895770696,-1315.7121042293038,-13.15712104229304,-14.883175649450608,-6.423498848650829,1743,1.0,0.027825588066551922,48.5,0.5,0,0,0,False,,,0.0,diplom_risk_missing,73,0,73,0,0,-17.273884852136856,,,,,,,,,,
17,2023-12-25T09:50:00,2024-04-23T09:50:00,2023-12-25T09:50:00,2024-03-24T09:50:00,2024-03-24T09:50:00,2024-04-23T09:50:00,2024-04-23T09:50:00,2024-05-23T09:50:00,alpha_policy,True,,mom_48,long_only,1,0.5,24,mom_48,long_only,1,0.5,24,10000.0,9828.335101024382,-171.6648989756177,-1.7166489897561754,-12.077397564420501,-0.12711335642530044,5048,1.0,0.03001188589540412,151.5,0.5,0,0,0,False,,,0.0,diplom_risk_missing,211,0,211,0,0,-15.550815092253256,-2.6237706458825283,10000.0,11331.44878442241,1331.4487844224095,13.314487844224088,-4.5660713636875965,3.936271068978548,1743,1.0,0.02495697074010327,43.5,0.5,0,0,0,False,,,0.0,diplom_risk_missing,73,0,73,0,0,8.483879451027931,-2.8460310443528813,10000.0,11331.44878442241,1331.4487844224095,13.314487844224088,-4.5660713636875965,3.936271068978548,1743,1.0,0.02495697074010327,43.5,0.5,0,0,0,False,,,0.0,diplom_risk_missing,73,0,73,0,0,8.483879451027931,-2.8460310443528813,8.483879451027931,9.996747020700687,8.136264912128082,3.068706691137528,False,0.0,0.6623285368507632,6.155561496179713,6.155561496179713,0.6806061108849129,balanced,16,3.025735139345511,0.25,-4.9680948694116935,4,0.25,-3.0195996427735516,2,1.0,5.8491488954045545,False,,,0.0,diplom_risk_missing,73,0,73,0,0,,10000.0,9950.457873536872,-49.542126463127715,-0.49542126463127945,-5.168077025935247,-0.14744776945961127,1743,1.0,0.028973034997131383,50.5,0.5,0,0,0,-3.1408671109278696,-5.402610720425615,10000.0,9950.457873536872,-49.542126463127715,-0.49542126463127945,-5.168077025935247,-0.14744776945961127,1743,1.0,0.028973034997131383,50.5,0.5,0,0,0,False,,,0.0,diplom_risk_missing,73,0,73,0,0,-5.402610720425615,False,,,0.0,diplom_risk_missing,73.0,0.0,73.0,0.0,0.0
18,2024-01-24T09:50:00,2024-05-23T09:50:00,2024-01-24T09:50:00,2024-04-23T09:50:00,2024-04-23T09:50:00,2024-05-23T09:50:00,2024-05-23T09:50:00,2024-06-22T09:50:00,cash_gate_veto,False,"decision_score,catastrophic_regime_risk",cash,cash,0,0.0,0,mom_96,long_only,1,0.5,24,10000.0,10347.972094551518,347.97209455151824,3.4797209455151856,-9.561821337517806,0.5153420530831888,5131,1.0,0.023484700838043267,120.5,0.5,0,0,0,False,,,0.0,diplom_risk_missing,214,0,214,0,0,-8.284262382489727,-7.875967722246314,10000.0,10640.395195829635,640.3951958296348,6.40395195829635,-3.7160954955159364,2.688612000020247,1743,1.0,0.02438324727481354,42.5,0.5,0,0,0,False,,,0.0,diplom_risk_missing,73,0,73,0,0,1.969438046650196,-1.525341257874302,10000.0,10640.395195829635,640.3951958296348,6.40395195829635,-3.7160954955159364,2.688612000020247,1743,1.0,0.02438324727481354,42.5,0.5,0,0,0,False,,,0.0,diplom_risk_missing,73,0,73,0,0,1.969438046650196,-1.525341257874302,1.969438046650196,3.1292163264698716,9.02173663636374,3.010265360433251,False,0.0,0.960342371209952,-1.468905053072365,-1.468905053072365,0.45938507587883953,balanced,17,2.3195565596393513,0.23529411764705882,-4.704996422071669,4,0.75,-5.996468697919521,2,1.0,0.25621157957427254,False,,,0.0,diplom_risk_missing,73,0,73,0,0,"stress_edge,may_like_regime",10000.0,10000.0,0.0,0.0,0.0,0.0,0,0.0,0.0,0.0,0.0,0,0,0,0.0,0.0,10000.0,9583.235136622226,-416.7648633777735,-4.167648633777732,-8.334891765573339,-1.2774027819029716,1743,1.0,0.02667814113597246,46.5,0.5,0,0,0,False,,,0.0,diplom_risk_missing,73,0,73,0,0,-8.527311998865638,,,,,,,,,,
19,2024-02-23T09:50:00,2024-06-22T09:50:00,2024-02-23T09:50:00,2024-05-23T09:50:00,2024-05-23T09:50:00,2024-06-22T09:50:00,2024-06-22T09:50:00,2024-07-22T09:50:00,cash_gate_veto,False,"decision_score,catastrophic_regime_risk",cash,cash,0,0.0,0,mom_96,long_only,1,1.5,24,10000.0,13134.718871746216,3134.718871746216,31.34718871746216,-23.834567456417354,1.3848752262076098,5063,1.0,0.06014220817697018,304.5,1.5,0,0,0,False,,,0.0,diplom_risk_missing,211,0,211,0,0,-3.2622535232621486,-11.166607875738366,10000.0,8624.343220666717,-1375.6567793332833,-13.756567793332831,-23.670703678857162,-1.2774027827682926,1743,1.0,0.08003442340791739,139.5,1.5,0,0,0,False,,,0.0,diplom_risk_missing,73,0,73,0,0,-25.02720148486538,-16.999218914662684,10000.0,8624.343220666717,-1375.6567793332833,-13.756567793332831,-23.670703678857162,-1.2774027827682926,1743,1.0,0.08003442340791739,139.5,1.5,0,0,0,False,,,0.0,diplom_risk_missing,73,0,73,0,0,-25.02720148486538,-16.999218914662684,-25.02720148486538,-24.10232996171424,29.35686516023116,2.530927565714268,False,0.0,1.0,-35.87723276779514,-35.87723276779514,0.22756585616286412,balanced,18,1.8497430463022804,0.2222222222222222,-4.67514376716645,4,0.5,-8.359831657040061,2,0.5,-19.8486596463566,False,,,0.0,diplom_risk_missing,73,0,73,0,0,"gate_stress,stress_edge,may_like_regime",10000.0,10000.0,0.0,0.0,0.0,0.0,0,0.0,0.0,0.0,0.0,0,0,0,0.0,0.0,10000.0,7818.089368111735,-2181.910631888265,-21.819106318882653,-28.781653453832934,-3.823307584083758,1661,1.0,0.08037326911499097,133.5,1.5,0,0,0,False,,,0.0,diplom_risk_missing,70,0,70,0,0,-31.630613548073182,,,,,,,,,,
20,2024-03-24T09:50:00,2024-07-22T09:50:00,2024-03-24T09:50:00,2024-06-22T09:50:00,2024-06-22T09:50:00,2024-07-22T09:50:00,2024-07-22T09:50:00,2024-08-21T09:50:00,cash_gate_veto,False,"decision_score,catastrophic_regime_risk",cash,cash,0,0.0,0,mom_96,long_only,1,0.5,24,10000.0,10363.280609695303,363.2806096953027,3.632806096953023,-11.432198840388674,0.5040224608880449,5229,1.0,0.023618282654427232,123.5,0.5,0,0,0,False,,,0.0,diplom_risk_missing,218,0,218,0,0,-8.425916538190926,-6.715591599303917,10000.0,9240.99280586877,-759.0071941312308,-7.590071941312305,-10.535632915409398,-3.8233076038756435,1661,1.0,0.02679108970499699,44.5,0.5,0,0,0,False,,,0.0,diplom_risk_missing,70,0,70,0,0,-11.618024446037401,-3.9121386368300315,10000.0,9240.99280586877,-759.0071941312308,-7.590071941312305,-10.535632915409398,-3.8233076038756435,1661,1.0,0.02679108970499699,44.5,0.5,0,0,0,False,,,0.0,diplom_risk_missing,70,0,70,0,0,-11.618024446037401,-3.9121386368300315,-11.618024446037401,-10.657406814473617,9.94183413169829,2.708343784324825,False,0.0,1.0,-15.637048760568018,-15.637048760568018,0.17180998100240358,balanced,19,1.9212352631275669,0.21052631578947367,-5.577457585677829,4,0.75,-5.573081149024961,2,0.5,-7.650465060138001,False,,,0.0,diplom_risk_missing,70,0,70,0,0,"gate_stress,stress_edge,may_like_regime",10000.0,10000.0,0.0,0.0,0.0,0.0,0,0.0,0.0,0.0,0.0,0,0,0,0.0,0.0,10000.0,8378.702354131448,-1621.2976458685516,-16.212976458685514,-17.604653015332083,-6.104916513178748,1819,1.0,0.022264980758658605,40.5,0.5,0,0,0,False,,,0.0,diplom_risk_missing,76,0,76,0,0,-19.544066555342432,,,,,,,,,,
21,2024-04-23T09:50:00,2024-08-21T09:50:00,2024-04-23T09:50:00,2024-07-22T09:50:00,2024-07-22T09:50:00,2024-08-21T09:50:00,2024-08-21T09:50:00,2024-09-20T09:50:00,cash_gate_veto,False,"decision_score,catastrophic_regime_risk",cash,cash,0,0.0,0,mom_96,short_only,1,0.5,24,10000.0,10136.730760020771,136.7307600207714,1.3673076002077122,-9.738620544501952,0.2845548649015725,5147,1.0,0.025548863415581893,131.5,0.5,0,0,0,False,,,0.0,diplom_risk_missing,215,0,215,0,0,-11.140723947003995,-3.399803386125111,10000.0,9569.410362254166,-430.5896377458339,-4.305896377458341,-8.613173237725135,-1.634942148573129,1819,1.0,0.028862012094557448,52.5,0.5,0,0,0,False,,,0.0,diplom_risk_missing,76,0,76,0,0,-9.208129645657026,-2.4092012637418114,10000.0,9569.410362254166,-430.5896377458339,-4.305896377458341,-8.613173237725135,-1.634942148573129,1819,1.0,0.028862012094557448,52.5,0.5,0,0,0,False,,,0.0,diplom_risk_missing,76,0,76,0,0,-9.208129645657026,-2.4092012637418114,-9.208129645657026,-8.410416695987635,7.034918631520238,2.124260821514518,False,0.0,1.0,-12.372638217019718,-12.372638217019718,0.14694740675580095,balanced,20,1.5954258993387829,0.2,-6.109233529328213,4,0.75,-3.5002717914752846,2,0.0,-3.1354724343155005,False,,,0.0,diplom_risk_missing,76,0,76,0,0,"gate_stress,gate_month_win_rate,stress_edge,may_like_regime",10000.0,10000.0,0.0,0.0,0.0,0.0,0,0.0,0.0,0.0,0.0,0,0,0,0.0,0.0,10000.0,12122.51642383047,2122.5164238304696,21.225164238304693,-9.300822578319112,3.7961447282226057,1826,1.0,0.02217962760131435,40.5,0.5,0,0,0,False,,,0.0,diplom_risk_missing,77,0,77,0,0,16.40520190850989,,,,,,,,,,
22,2024-05-23T09:50:00,2024-09-20T09:50:00,2024-05-23T09:50:00,2024-08-21T09:50:00,2024-08-21T09:50:00,2024-09-20T09:50:00,2024-09-20T09:50:00,2024-10-20T09:50:00,cash_gate_veto,False,"decision_score,catastrophic_regime_risk",cash,cash,0,0.0,0,voladj_rev_96,short_only,1,1.0,24,10000.0,11031.091197592772,1031.091197592772,10.310911975927727,-12.978602588078402,0.8879601293450237,5223,1.0,0.06299061841853341,329.0,1.0,0,0,0,False,,,0.0,diplom_risk_missing,218,0,218,0,0,-20.696489324987898,-6.625093073049504,10000.0,9463.367572055999,-536.6324279440014,-5.366324279440016,-14.759837650744934,-0.6243366244682397,1826,1.0,0.0651697699890471,119.0,1.0,0,0,0,False,,,0.0,diplom_risk_missing,77,0,77,0,0,-16.010480775980795,-5.321777406984973,10000.0,9463.367572055999,-536.6324279440014,-5.366324279440016,-14.759837650744934,-0.6243366244682397,1826,1.0,0.0651697699890471,119.0,1.0,0,0,0,False,,,0.0,diplom_risk_missing,77,0,77,0,0,-16.010480775980795,-5.321777406984973,-16.010480775980795,-14.52615192191562,17.14087774564468,2.508629466007863,False,0.0,1.0,-22.025459132891257,-22.025459132891257,0.21670594743574736,balanced,21,2.968657708130351,0.23809523809523808,-4.807595540393312,4,0.75,-5.400820102466108,2,0.5,-11.665842560188421,False,,,0.0,diplom_risk_missing,77,0,77,0,0,"gate_stress,stress_edge,may_like_regime",10000.0,10000.0,0.0,0.0,0.0,0.0,0,0.0,0.0,0.0,0.0,0,0,0,0.0,0.0,10000.0,10137.39698241958,137.39698241957922,1.3739698241957976,-8.94852415404782,0.48403358100271915,1743,1.0,0.06253585771658061,109.0,1.0,0,0,0,False,,,0.0,diplom_risk_missing,73,0,73,0,0,-9.123182263141594,,,,,,,,,,
23,2024-06-22T09:50:00,2024-10-20T09:50:00,2024-06-22T09:50:00,2024-09-20T09:50:00,2024-09-20T09:50:00,2024-10-20T09:50:00,2024-10-20T09:50:00,2024-11-19T09:50:00,cash_gate_veto,False,"decision_score,catastrophic_regime_risk",cash,cash,0,0.0,0,mom_96,short_only,1,1.5,24,10000.0,16203.284808858722,6203.284808858722,62.03284808858722,-26.469657705553583,1.8659560216856503,5306,1.0,0.07548058801356955,400.5,1.5,0,0,0,False,,,0.0,diplom_risk_missing,222,0,222,0,0,8.34926800762268,-9.792382653424148,10000.0,9997.27720895892,-2.7227910410801996,-0.02722791041079864,-14.967094818796634,0.24064790718612314,1743,1.0,0.06454388984509467,112.5,1.5,0,0,0,False,,,0.0,diplom_risk_missing,73,0,73,0,0,-10.7009226401512,-7.205804332153953,10000.0,9997.27720895892,-2.7227910410801996,-0.02722791041079864,-14.967094818796634,0.24064790718612314,1743,1.0,0.06454388984509467,112.5,1.5,0,0,0,False,,,0.0,diplom_risk_missing,73,0,73,0,0,-10.7009226401512,-7.205804332153953,-10.7009226401512,-8.88896212944861,38.547697621502394,2.55010026917324,False,0.0,0.9529083412391121,-23.810018808833114,-23.810018808833114,0.35031000947927887,balanced,22,3.6239210214051805,0.2727272727272727,-4.5266152965483535,4,0.5,-8.30734984711492,2,0.5,-9.818769714041231,False,,,0.0,diplom_risk_missing,73,0,73,0,0,"gate_stress,stress_edge,may_like_regime",10000.0,10000.0,0.0,0.0,0.0,0.0,0,0.0,0.0,0.0,0.0,0,0,0,0.0,0.0,10000.0,10998.427481352614,998.4274813526135,9.984274813526127,-20.05309589440889,1.4917743700053927,1730,1.0,0.07716763005780347,133.5,1.5,0,0,0,False,,,0.0,diplom_risk_missing,73,0,73,0,0,-3.8172175442030998,,,,,,,,,,
24,2024-07-22T09:50:00,2024-11-19T09:50:00,2024-07-22T09:50:00,2024-10-20T09:50:00,2024-10-20T09:50:00,2024-11-19T09:50:00,2024-11-19T09:50:00,2024-12-19T09:50:00,cash_gate_veto,False,"decision_score,catastrophic_regime_risk",cash,cash,0,0.0,0,mom_12,short_only,1,0.5,24,10000.0,10841.144682848217,841.1446828482167,8.41144682848216,-12.113942279303858,0.904378434423434,5388,1.0,0.03906829992576095,210.5,0.5,0,0,0,False,,,0.0,diplom_risk_missing,225,0,225,0,0,-12.196562075628659,-6.930560267665853,10000.0,9070.191854630131,-929.8081453698687,-9.298081453698693,-11.539742632037742,-4.433580172023257,1730,1.0,0.0407514450867052,70.5,0.5,0,0,0,False,,,0.0,diplom_risk_missing,73,0,73,0,0,-15.480934672058899,-4.767570963427192,10000.0,9070.191854630131,-929.8081453698687,-9.298081453698693,-11.539742632037742,-4.433580172023257,1730,1.0,0.0407514450867052,70.5,0.5,0,0,0,False,,,0.0,diplom_risk_missing,73,0,73,0,0,-15.480934672058899,-4.767570963427192,-15.480934672058899,-13.298076847611261,14.621522644885085,2.5807524369455463,False,0.0,1.0,-19.91560977332104,-19.91560977332104,0.20390327496124183,balanced,23,4.365715648895274,0.30434782608695654,-3.895707030892941,4,0.5,-6.638550674750022,2,0.5,-10.541478677028593,False,,,0.0,diplom_risk_missing,73,0,73,0,0,"gate_stress,stress_edge,may_like_regime",10000.0,10000.0,0.0,0.0,0.0,0.0,0,0.0,0.0,0.0,0.0,0,0,0,0.0,0.0,10000.0,9926.954394550814,-73.04560544918604,-0.730456054491857,-8.486115035914587,-0.08904076838879947,1826,1.0,0.0391566265060241,71.5,0.5,0,0,0,False,,,0.0,diplom_risk_missing,77,0,77,0,0,-7.592586050683781,,,,,,,,,,
25,2024-08-21T09:50:00,2024-12-19T09:50:00,2024-08-21T09:50:00,2024-11-19T09:50:00,2024-11-19T09:50:00,2024-12-19T09:50:00,2024-12-19T09:50:00,2025-01-18T09:50:00,cash_gate_veto,False,catastrophic_regime_risk,cash,cash,0,0.0,0,mom_96,short_only,1,1.5,24,10000.0,20132.28357846921,10132.28357846921,101.32283578469212,-30.508980063104772,2.5177106211230567,5299,1.0,0.06708812983581808,355.5,1.5,0,0,0,False,,,0.0,diplom_risk_missing,221,0,221,0,0,40.86964365946262,-1.7072337952039995,10000.0,13496.236802149335,3496.236802149335,34.96236802149335,-22.311108432224792,2.784563557793203,1826,1.0,0.07146768893756845,130.5,1.5,0,0,0,False,,,0.0,diplom_risk_missing,77,0,77,0,0,18.360783357046184,-13.78799964489643,10000.0,13496.236802149335,3496.236802149335,34.96236802149335,-22.311108432224792,2.784563557793203,1826,1.0,0.07146768893756845,130.5,1.5,0,0,0,False,,,0.0,diplom_risk_missing,77,0,77,0,0,18.360783357046184,-13.78799964489643,18.360783357046184,20.759990410007816,54.32640667820628,2.576292315104904,False,0.0,1.0,0.24574807263561738,0.24574807263561738,0.5011308849075959,balanced,24,4.798414105923263,0.2916666666666667,-3.763821573542897,4,0.5,-21.497370784861115,2,0.5,-10.140127268550836,False,,,0.0,diplom_risk_missing,77,0,77,0,0,may_like_regime,10000.0,10000.0,0.0,0.0,0.0,0.0,0,0.0,0.0,0.0,0.0,0,0,0,0.0,0.0,10000.0,6862.1130145517,-3137.8869854483,-31.378869854483003,-34.01025244824272,-4.888097252759403,1577,1.0,0.07514267596702599,118.5,1.5,0,0,0,False,,,0.0,diplom_risk_missing,66,0,66,0,0,-39.06845257355604,,,,,,,,,,
26,2024-09-20T09:50:00,2025-01-18T09:50:00,2024-09-20T09:50:00,2024-12-19T09:50:00,2024-12-19T09:50:00,2025-01-18T09:50:00,2025-01-18T09:50:00,2025-02-17T09:50:00,cash_gate_veto,False,decision_score,cash,cash,0,0.0,0,mom_96,short_only,1,1.5,24,10000.0,19880.08230763516,9880.082307635159,98.80082307635159,-17.633433609891036,2.7998714439620085,5299,1.0,0.0676542743913946,358.5,1.5,0,0,0,False,,,0.0,diplom_risk_missing,221,0,221,0,0,38.71543377655997,-9.68488400287949,10000.0,6862.1130145517,-3137.8869854483,-31.378869854483003,-34.01025244824272,-4.888097252759403,1577,1.0,0.07514267596702599,118.5,1.5,0,0,0,False,,,0.0,diplom_risk_missing,66,0,66,0,0,-39.06845257355604,-12.439726882076762,10000.0,6862.1130145517,-3137.8869854483,-31.378869854483003,-34.01025244824272,-4.888097252759403,1577,1.0,0.07514267596702599,118.5,1.5,0,0,0,False,,,0.0,diplom_risk_missing,66,0,66,0,0,-39.06845257355604,-12.439726882076762,-39.06845257355604,-37.760006866943456,40.365465126791214,1.8579744945534251,False,0.0,0.024883959123004826,-51.92524560000489,-51.92524560000489,0.2164665057661704,balanced,25,2.6168914132251655,0.28,-4.868423504780501,4,0.75,-9.818769714041231,2,0.0,-17.39249177265605,False,,,0.0,diplom_risk_missing,66,0,66,0,0,"gate_stress,gate_month_win_rate,stress_edge",10000.0,10000.0,0.0,0.0,0.0,0.0,0,0.0,0.0,0.0,0.0,0,0,0,0.0,0.0,10000.0,10377.068165342234,377.06816534223435,3.7706816534223364,-15.165599490650594,0.7047547857330915,1928,1.0,0.08013485477178424,154.5,1.5,0,0,0,False,,,0.0,diplom_risk_missing,81,0,81,0,0,-11.141701611727129,,,,,,,,,,
27,2024-10-20T09:50:00,2025-02-17T09:50:00,2024-10-20T09:50:00,2025-01-18T09:50:00,2025-01-18T09:50:00,2025-02-17T09:50:00,2025-02-17T09:50:00,2025-03-19T09:50:00,cash_gate_veto,False,"decision_score,catastrophic_regime_risk",cash,cash,0,0.0,0,mom_96,short_only,3,1.5,24,10000.0,12037.664678068306,2037.6646780683059,20.37664678068305,-27.0054165800257,1.186220470104543,5133,1.0,0.05698421975452952,292.5,1.5,0,0,0,False,,,0.0,diplom_risk_missing,642,0,642,0,0,-10.225125424920423,-11.48895001539807,10000.0,10376.564581791203,376.5645817912027,3.7656458179120333,-12.17490842918184,0.8150314774771334,1928,1.0,0.0645746887966805,124.5,1.5,0,0,0,False,,,0.0,diplom_risk_missing,243,0,243,0,0,-8.414995381984113,-4.54967741016008,10000.0,10376.564581791203,376.5645817912027,3.7656458179120333,-12.17490842918184,0.8150314774771334,1928,1.0,0.0645746887966805,124.5,1.5,0,0,0,False,,,0.0,diplom_risk_missing,243,0,243,0,0,-8.414995381984113,-4.54967741016008,-8.414995381984113,-6.333045005876276,23.545317073211493,2.2471479577138838,False,0.0,0.9908151674980744,-16.06012873274741,-16.06012873274741,0.33579401642709444,balanced,26,4.163900752215674,0.3076923076923077,-4.536150229465007,4,0.5,-10.696459518298774,2,0.5,-4.621994622926051,False,,,0.0,diplom_risk_missing,243,0,243,0,0,"gate_stress,stress_edge,may_like_regime",10000.0,10000.0,0.0,0.0,0.0,0.0,0,0.0,0.0,0.0,0.0,0,0,0,0.0,0.0,10000.0,8217.96252430165,-1782.0374756983492,-17.820374756983494,-26.034069509718183,-2.1132829588202906,2417,1.0,0.06681836988001655,161.5,1.5,0,0,0,False,,,0.0,diplom_risk_missing,303,0,303,0,0,-30.106066081960936,,,,,,,,,,
28,2024-11-19T09:50:00,2025-03-19T09:50:00,2024-11-19T09:50:00,2025-02-17T09:50:00,2025-02-17T09:50:00,2025-03-19T09:50:00,2025-03-19T09:50:00,2025-04-18T09:50:00,cash_gate_veto,False,decision_score,cash,cash,0,0.0,0,mom_96,short_only,3,0.5,24,10000.0,10405.572186525294,405.57218652529446,4.055721865252937,-10.454346085862475,0.6872322988398195,5331,1.0,0.020352654778203784,108.50000262260437,0.5,0,0,0,False,,,0.0,diplom_risk_missing,669,0,669,0,0,-6.652908442313987,-3.2850433596420037,10000.0,9405.29199017825,-594.7080098217502,-5.947080098217505,-9.268976122275518,-2.113282825395929,2417,1.0,0.02227279044499711,53.833334505558014,0.5,0,0,0,False,,,0.0,diplom_risk_missing,303,0,303,0,0,-10.88060109293718,-3.775854298489101,10000.0,9405.29199017825,-594.7080098217502,-5.947080098217505,-9.268976122275518,-2.113282825395929,2417,1.0,0.02227279044499711,53.833334505558014,0.5,0,0,0,False,,,0.0,diplom_risk_missing,303,0,303,0,0,-10.88060109293718,-3.775854298489101,-10.88060109293718,-9.04993368214814,9.462654610618264,2.088768796829304,False,0.0,0.8024642944171781,-13.5655592374903,-13.5655592374903,0.19254006478413593,balanced,27,3.6613348215780785,0.2962962962962963,-5.028158545299025,4,0.5,-4.570892807148064,2,0.0,-4.355725548250389,False,,,0.0,diplom_risk_missing,303,0,303,0,0,"gate_stress,gate_month_win_rate,stress_edge,may_like_regime",10000.0,10000.0,0.0,0.0,0.0,0.0,0,0.0,0.0,0.0,0.0,0,0,0,0.0,0.0,10000.0,10044.829003439272,44.82900343927213,0.44829003439272874,-10.551822026286795,0.21044158319374612,2552,1.0,0.02514367867086001,64.16666796803474,0.5,0,0,0,True,high,0.8091191085116867,0.0,diplom_risk_missing,321,46,275,0,0,-5.798627028885239,,,,,,,,,,
29,2024-12-19T09:50:00,2025-04-18T09:50:00,2024-12-19T09:50:00,2025-03-19T09:50:00,2025-03-19T09:50:00,2025-04-18T09:50:00,2025-04-18T09:50:00,2025-05-18T09:50:00,cash_gate_veto,False,"decision_score,catastrophic_regime_risk",cash,cash,0,0.0,0,mom_96,long_only,1,1.5,24,10000.0,15836.071647148521,5836.071647148521,58.36071647148522,-30.84298211365447,1.6133830683589658,5922,1.0,0.06661600810536981,394.5,1.5,0,0,0,False,,,0.0,diplom_risk_missing,247,0,247,0,0,6.527918435154945,-1.3583086892959284,10000.0,7302.015455739503,-2697.9845442604974,-26.979845442604976,-34.3503756827825,-1.945521876866783,2552,0.9717868338557993,0.06711456978395815,171.2763820886612,1.416779621641464,0,0,0,True,high,0.8319263787542861,100.0,"diplom_risk_missing,diplom_long_veto,diplom_long_risk_penalty",107,23,84,0,23,-38.52070574241914,-14.537261449185868,10000.0,7302.015455739503,-2697.9845442604974,-26.979845442604976,-34.3503756827825,-1.945521876866783,2552,0.9717868338557993,0.06711456978395815,171.2763820886612,1.416779621641464,0,0,0,True,high,0.8319263787542861,100.0,"diplom_risk_missing,diplom_long_veto,diplom_long_risk_penalty",107,23,84,0,23,-38.52070574241914,-14.537261449185868,-38.52070574241914,-36.553117683313104,35.72715036868313,2.7613602497040457,False,0.0,1.0,-50.5576203123522,-50.5576203123522,0.19543032711035058,balanced,28,3.935176118212073,0.32142857142857145,-4.832571096024319,4,0.75,-9.606158181765812,2,0.0,-23.435013806617498,True,high,0.8319263787542861,100.0,"diplom_risk_missing,diplom_long_veto,diplom_long_risk_penalty",107,23,84,0,23,"gate_stress,gate_month_win_rate,stress_edge,may_like_regime",10000.0,10000.0,0.0,0.0,0.0,0.0,0,0.0,0.0,0.0,0.0,0,0,0,0.0,0.0,10000.0,6381.0138305321125,-3618.9861694678875,-36.18986169467887,-44.431907064115514,-4.882176157092949,2286,0.958005249343832,0.07025302400321994,160.59841287136078,1.3776346166615725,0,0,0,True,high,0.8764209338909403,100.0,"diplom_long_risk_penalty,diplom_risk_missing,diplom_long_veto",96,35,61,0,35,-45.68910658434827,,,,,,,,,,
30,2025-01-18T09:50:00,2025-05-18T09:50:00,2025-01-18T09:50:00,2025-04-18T09:50:00,2025-04-18T09:50:00,2025-05-18T09:50:00,2025-05-18T09:50:00,2025-06-17T09:50:00,cash_gate_veto,False,"decision_score,catastrophic_regime_risk",cash,cash,0,0.0,0,mom_48,short_only,1,1.0,24,10000.0,11442.509572563056,1442.5095725630563,14.425095725630555,-21.538215428583072,0.7440482817717525,6897,1.0,0.0665506742061766,459.0,1.0,0,0,0,True,high,0.7578449169659492,0.0,"diplom_risk_missing,ok",288,12,276,0,0,-27.794707317699086,-4.597175821988165,10000.0,8363.9794804346,-1636.0205195653998,-16.360205195653997,-19.29988892733131,-2.673465453552393,2286,1.0,0.06955380577427822,159.0,1.0,0,0,0,True,high,0.8764209338909403,0.0,"ok,diplom_risk_missing",96,29,67,0,0,-28.694099969935404,-7.263878739230445,10000.0,8363.9794804346,-1636.0205195653998,-16.360205195653997,-19.29988892733131,-2.673465453552393,2286,1.0,0.06955380577427822,159.0,1.0,0,0,0,True,high,0.8764209338909403,0.0,"ok,diplom_risk_missing",96,29,67,0,0,-28.694099969935404,-7.263878739230445,-28.694099969935404,-26.754172808596124,29.87859778445655,2.44593382376479,False,0.0,1.0,-38.71168203315592,-38.71168203315592,0.2149009794025186,balanced,29,3.8798543226785625,0.3103448275862069,-5.913856978736544,4,0.25,-10.80947648602858,2,0.0,-8.960292249013701,True,high,0.8764209338909403,0.0,"ok,diplom_risk_missing",96,29,67,0,0,"gate_stress,gate_month_win_rate,stress_edge,may_like_regime",10000.0,10000.0,0.0,0.0,0.0,0.0,0,0.0,0.0,0.0,0.0,0,0,0,0.0,0.0,10000.0,9168.181455447499,-831.8185445525014,-8.318185445525017,-21.162688665632544,-0.9994844602672357,2423,1.0,0.061494015683037556,149.0,1.0,0,0,0,True,high,0.8764209338909403,0.0,"diplom_risk_missing,ok",101,25,76,0,0,-21.049512624707923,,,,,,,,,,
31,2025-02-17T09:50:00,2025-06-17T09:50:00,2025-02-17T09:50:00,2025-05-18T09:50:00,2025-05-18T09:50:00,2025-06-17T09:50:00,2025-06-17T09:50:00,2025-07-17T09:50:00,cash_gate_veto,False,"decision_score,catastrophic_regime_risk",cash,cash,0,0.0,0,neural_ensemble,short_only,3,0.5,24,10000.0,9512.252282323921,-487.74771767607854,-4.877477176760781,-11.591659954113364,-0.5162229488978967,7255,1.0,0.03700895957253375,268.5000016987324,0.5,0,0,0,True,high,0.8764209338909403,0.0,diplom_risk_missing,909,85,824,0,0,-27.302291238401168,-5.7785268418254265,10000.0,9829.138550614685,-170.8614493853147,-1.7086144938531445,-8.43011281091296,-0.724555263566641,2423,1.0,0.0374879628063183,90.83333387970924,0.5,0,0,0,True,high,0.8764209338909403,0.0,diplom_risk_missing,303,44,259,0,0,-10.253763404514139,-2.649053744571772,10000.0,9829.138550614685,-170.8614493853147,-1.7086144938531445,-8.43011281091296,-0.724555263566641,2423,1.0,0.0374879628063183,90.83333387970924,0.5,0,0,0,True,high,0.8764209338909403,0.0,diplom_risk_missing,303,44,259,0,0,-10.253763404514139,-2.649053744571772,-10.253763404514139,-8.038901906479328,6.89943264832664,2.3776360667578067,True,0.0,1.0,-11.953703333393651,-11.953703333393651,0.15026000774250595,balanced,30,4.429722996069623,0.3,-5.994001260962827,4,0.25,-2.376150644438313,2,0.5,-1.720921477862869,True,high,0.8764209338909403,0.0,diplom_risk_missing,303,44,259,0,0,"gate_stress,stress_edge,may_like_regime",10000.0,10000.0,0.0,0.0,0.0,0.0,0,0.0,0.0,0.0,0.0,0,0,0,0.0,0.0,10000.0,9201.258879249404,-798.7411207505957,-7.987411207505957,-8.145138761784299,-3.4747702249360626,2552,1.0,0.03611546527115529,92.1666673719883,0.5,0,0,0,True,high,0.8442525639915545,0.0,diplom_risk_missing,321,47,274,0,0,-16.099099234614144,,,,,,,,,,
32,2025-03-19T09:50:00,2025-07-17T09:50:00,2025-03-19T09:50:00,2025-06-17T09:50:00,2025-06-17T09:50:00,2025-07-17T09:50:00,2025-07-17T09:50:00,2025-08-16T09:50:00,cash_gate_veto,False,decision_score,cash,cash,0,0.0,0,voladj_rev_96,short_only,1,0.5,24,10000.0,10616.509529068673,616.5095290686731,6.16509529068674,-9.905186413595734,0.7352999263350404,7261,1.0,0.029265941330395263,212.5,0.5,0,0,0,True,high,0.8764209338909403,0.0,"diplom_risk_missing,ok",303,104,199,0,0,-14.183559977923855,-5.409158719604779,10000.0,9161.082061305928,-838.9179386940723,-8.389179386940725,-9.500506184582292,-3.400816418417016,2552,1.0,0.027233542319749216,69.5,0.5,0,0,0,True,high,0.7606170383795451,0.0,"diplom_risk_missing,ok",107,29,78,0,0,-14.548079297708405,-4.417354851571787,10000.0,9161.082061305928,-838.9179386940723,-8.389179386940725,-9.500506184582292,-3.400816418417016,2552,1.0,0.027233542319749216,69.5,0.5,0,0,0,True,high,0.7606170383795451,0.0,"diplom_risk_missing,ok",107,29,78,0,0,-14.548079297708405,-4.417354851571787,-14.548079297708405,-12.368110877077811,9.58017517062396,2.627286471526582,False,0.0,0.8305747312711246,-16.967034283702883,-16.967034283702883,0.14541095603067705,balanced,31,4.35993684126119,0.2903225806451613,-6.058304807625509,4,0.75,-0.07576169214659201,2,0.0,-7.497954187565192,True,high,0.7606170383795451,0.0,"diplom_risk_missing,ok",107,29,78,0,0,"gate_stress,gate_month_win_rate,stress_edge,may_like_regime",10000.0,10000.0,0.0,0.0,0.0,0.0,0,0.0,0.0,0.0,0.0,0,0,0,0.0,0.0,10000.0,9135.72432668924,-864.2756733107599,-8.642756733107603,-9.92681348785186,-3.4500163034247318,2424,1.0,0.027433993399339933,66.5,0.5,0,0,0,True,high,0.6421222786290768,0.0,"diplom_risk_missing,ok",101,39,62,0,0,-14.528917722430357,,,,,,,,,,
33,2025-04-18T09:50:00,2025-08-16T09:50:00,2025-04-18T09:50:00,2025-07-17T09:50:00,2025-07-17T09:50:00,2025-08-16T09:50:00,2025-08-16T09:50:00,2025-09-15T09:50:00,cash_gate_veto,False,decision_score,cash,cash,0,0.0,0,mom_96,short_only,1,0.5,24,10000.0,10009.766771255769,9.766771255768617,0.09766771255768081,-10.300275498557788,0.10130838349988176,7261,1.0,0.025134279024927694,182.5,0.5,0,0,0,True,high,0.8442525639915545,0.0,"diplom_risk_missing,ok",303,74,229,0,0,-16.624805170566137,-6.149495546267558,10000.0,8932.092739720892,-1067.9072602791075,-10.679072602791074,-12.66999073290922,-4.743686294487618,2424,1.0,0.028259075907590758,68.5,0.5,0,0,0,True,high,0.625496897167102,0.0,"diplom_risk_missing,ok",101,25,76,0,0,-16.602515241634595,-4.465670375648223,10000.0,8932.092739720892,-1067.9072602791075,-10.679072602791074,-12.66999073290922,-4.743686294487618,2424,1.0,0.028259075907590758,68.5,0.5,0,0,0,True,high,0.625496897167102,0.0,"diplom_risk_missing,ok",101,25,76,0,0,-16.602515241634595,-4.465670375648223,-16.602515241634595,-14.398400169076819,12.013963192591676,2.2169656383039635,False,0.0,0.8403828836894852,-19.863861612018134,-19.863861612018134,0.160650241230421,balanced,32,4.408230145115552,0.28125,-6.139068930296826,4,0.25,-4.953847690276469,2,0.0,-8.066821543824975,True,high,0.625496897167102,0.0,"diplom_risk_missing,ok",101,25,76,0,0,"gate_stress,gate_month_win_rate,stress_edge,may_like_regime",10000.0,10000.0,0.0,0.0,0.0,0.0,0,0.0,0.0,0.0,0.0,0,0,0,0.0,0.0,10000.0,9965.913486130868,-34.08651386913152,-0.3408651386913153,-5.120485090407978,-0.0646119930411768,2579,1.0,0.02384645211322218,61.5,0.5,0,0,0,True,high,0.7068409354380174,0.0,"diplom_risk_missing,ok",108,23,85,0,0,-6.294332275345116,,,,,,,,,,
34,2025-05-18T09:50:00,2025-09-15T09:50:00,2025-05-18T09:50:00,2025-08-16T09:50:00,2025-08-16T09:50:00,2025-09-15T09:50:00,2025-09-15T09:50:00,2025-10-15T09:50:00,cash_gate_veto,False,"decision_score,catastrophic_regime_risk",cash,cash,0,0.0,0,neural_ensemble,short_only,1,0.5,24,10000.0,10339.216627617976,339.216627617976,3.3921662761797533,-11.231954478383111,0.4118178645232661,7399,1.0,0.03966752263819435,293.5,0.5,0,0,0,True,high,0.7630227161686903,0.0,"diplom_risk_missing,ok",309,42,267,0,0,-22.93406182664861,-3.192036860575931,10000.0,9805.443985346148,-194.5560146538519,-1.9455601465385164,-6.193833832233242,-0.7761423850150074,2579,1.0,0.0397440868553703,102.5,0.5,0,0,0,True,high,0.7068409354380174,0.0,"diplom_risk_missing,ok",108,13,95,0,0,-11.511508358250888,-3.8716783746177263,10000.0,9805.443985346148,-194.5560146538519,-1.9455601465385164,-6.193833832233242,-0.7761423850150074,2579,1.0,0.0397440868553703,102.5,0.5,0,0,0,True,high,0.7068409354380174,0.0,"diplom_risk_missing,ok",108,13,95,0,0,-11.511508358250888,-3.8716783746177263,-11.511508358250888,-9.127796013604813,10.831302286627961,2.8452980435556836,True,0.0,1.0,-14.4187518139246,-14.4187518139246,0.20895907538120947,balanced,33,4.76742468929215,0.2727272727272727,-5.963365785096659,4,0.5,-4.805518610313275,2,0.5,-3.665652633446226,True,high,0.7068409354380174,0.0,"diplom_risk_missing,ok",108,13,95,0,0,"gate_stress,stress_edge,may_like_regime",10000.0,10000.0,0.0,0.0,0.0,0.0,0,0.0,0.0,0.0,0.0,0,0,0,0.0,0.0,10000.0,10956.365727841083,956.3657278410828,9.563657278410819,-6.406013938908628,2.7348939883638157,2552,1.0,0.039380877742946706,100.5,0.5,0,0,0,True,high,0.7068409354380174,0.0,"diplom_risk_missing,ok",107,7,100,0,0,-0.9279999667125005,,,,,,,,,,
35,2025-06-17T09:50:00,2025-10-15T09:50:00,2025-06-17T09:50:00,2025-09-15T09:50:00,2025-09-15T09:50:00,2025-10-15T09:50:00,2025-10-15T09:50:00,2025-11-14T09:50:00,cash_gate_veto,False,"decision_score,catastrophic_regime_risk",cash,cash,0,0.0,0,mom_96,long_only,1,0.5,24,10000.0,9541.700250819364,-458.29974918063635,-4.582997491806362,-15.636719352494556,-0.4206984773903562,7555,1.0,0.022191792927697192,167.6589955687523,0.4905719284976578,0,0,0,True,high,0.7606170383795451,19.015425959488628,"diplom_risk_missing,diplom_long_risk_penalty",315,62,253,0,62,-19.330394551143893,-6.785177665102471,10000.0,8085.777090036373,-1914.222909963627,-19.142229099636264,-19.537693364415667,-5.8964734071222455,2552,1.0,0.02373631062645897,60.5750647187233,0.490495904299159,0,0,0,True,high,0.5980184556611332,14.95046139152833,"diplom_risk_missing,diplom_long_risk_penalty,diplom_risk_stale",107,25,81,1,25,-23.903185978109796,-8.092775637511618,10000.0,8085.777090036373,-1914.222909963627,-19.142229099636264,-19.537693364415667,-5.8964734071222455,2552,1.0,0.02373631062645897,60.5750647187233,0.490495904299159,0,0,0,True,high,0.5980184556611332,14.95046139152833,"diplom_risk_missing,diplom_long_risk_penalty,diplom_risk_stale",107,25,81,1,25,-23.903185978109796,-8.092775637511618,-23.903185978109796,-21.27965391364946,13.89644359865032,2.8060971042271876,False,0.0,1.0,-27.643409173177073,-27.643409173177073,0.12033692656621524,balanced,34,5.247064128920666,0.29411764705882354,-5.506688636169969,4,0.5,-7.745278926142751,2,0.0,-12.74561074217171,True,high,0.5980184556611332,14.95046139152833,"diplom_risk_missing,diplom_long_risk_penalty,diplom_risk_stale",107,25,81,1,25,"gate_stress,gate_month_win_rate,stress_edge,may_like_regime",10000.0,10000.0,0.0,0.0,0.0,0.0,0,0.0,0.0,0.0,0.0,0,0,0,0.0,0.0,10000.0,9020.194906400595,-979.8050935994052,-9.798050935994052,-15.00674778560379,-2.589773245208476,2442,1.0,0.023136773136773137,56.5,0.5,0,0,0,False,,,0.0,"diplom_risk_stale,diplom_risk_missing",102,0,86,16,0,-14.758907063404225,,,,,,,,,,
36,2025-07-17T09:50:00,2025-11-14T09:50:00,2025-07-17T09:50:00,2025-10-15T09:50:00,2025-10-15T09:50:00,2025-11-14T09:50:00,2025-11-14T09:50:00,2025-12-14T09:50:00,cash_gate_veto,False,decision_score,cash,cash,0,0.0,0,mom_96,short_only,3,1.5,24,10000.0,11614.510075820523,1614.5100758205226,16.14510075820523,-24.544283595325478,0.9773230215064135,7555,1.0,0.06426207809397749,485.5,1.5,0,0,0,True,high,0.7068409354380174,0.0,"diplom_risk_missing,ok,diplom_risk_stale",945,195,742,8,0,-28.62493576542612,-12.651130292583467,10000.0,8623.015430732816,-1376.9845692671843,-13.769845692671845,-22.38593812577081,-2.055926105533716,2442,1.0,0.06777231777231778,165.5,1.5,0,0,0,False,,,0.0,"diplom_risk_missing,diplom_risk_stale",306,0,221,85,0,-26.9647713997456,-9.07671996246634,10000.0,8623.015430732816,-1376.9845692671843,-13.769845692671845,-22.38593812577081,-2.055926105533716,2442,1.0,0.06777231777231778,165.5,1.5,0,0,0,False,,,0.0,"diplom_risk_missing,diplom_risk_stale",306,0,221,85,0,-26.9647713997456,-9.07671996246634,-26.9647713997456,-24.214695465096767,26.05401770134618,2.1067367190969923,False,0.0,0.7130378245468557,-34.40315839738821,-34.40315839738821,0.21074260039968087,balanced,35,5.500151869297668,0.2857142857142857,-5.629298987593514,4,0.5,-14.84677160487189,2,0.0,-7.814622770467283,False,,,0.0,"diplom_risk_missing,diplom_risk_stale",306,0,221,85,0,"gate_stress,gate_month_win_rate,stress_edge,may_like_regime",10000.0,10000.0,0.0,0.0,0.0,0.0,0,0.0,0.0,0.0,0.0,0,0,0,0.0,0.0,10000.0,8006.229475909819,-1993.7705240901814,-19.937705240901813,-22.399878960500374,-4.5590228417980105,2378,1.0,0.06959629941126998,165.5,1.5,0,0,0,False,,,0.0,"diplom_risk_missing,diplom_risk_stale",300,0,232,68,0,-32.188778814316755,,,,,,,,,,
37,2025-08-16T09:50:00,2025-12-14T09:50:00,2025-08-16T09:50:00,2025-11-14T09:50:00,2025-11-14T09:50:00,2025-12-14T09:50:00,2025-12-14T09:50:00,2026-01-13T09:50:00,cash_gate_veto,False,decision_score,cash,cash,0,0.0,0,mom_96,short_only,3,1.5,24,10000.0,12847.909232679793,2847.9092326797927,28.47909232679793,-14.560083342274698,1.464490076982101,7573,1.0,0.06344909547075135,480.5,1.5,0,0,0,True,high,0.7068409354380174,0.0,"diplom_risk_missing,ok,diplom_risk_stale",948,117,737,94,0,-20.64316792257066,-7.0019208320848065,10000.0,8006.229475909819,-1993.7705240901814,-19.937705240901813,-22.399878960500374,-4.5590228417980105,2378,1.0,0.06959629941126998,165.5,1.5,0,0,0,False,,,0.0,"diplom_risk_missing,diplom_risk_stale",300,0,232,68,0,-32.188778814316755,-5.077429078430418,10000.0,8006.229475909819,-1993.7705240901814,-19.937705240901813,-22.399878960500374,-4.5590228417980105,2378,1.0,0.06959629941126998,165.5,1.5,0,0,0,False,,,0.0,"diplom_risk_missing,diplom_risk_stale",300,0,232,68,0,-32.188778814316755,-5.077429078430418,-32.188778814316755,-29.41749573675756,24.34955334010556,2.239411450456828,False,0.0,0.8727434509967101,-39.248954582289564,-39.248954582289564,0.16632550570306504,balanced,36,5.542566155118394,0.2777777777777778,-6.026754716852078,4,0.5,-4.976943278482294,2,0.0,-12.474394855674142,False,,,0.0,"diplom_risk_missing,diplom_risk_stale",300,0,232,68,0,"gate_stress,gate_month_win_rate,stress_edge,may_like_regime",10000.0,10000.0,0.0,0.0,0.0,0.0,0,0.0,0.0,0.0,0.0,0,0,0,0.0,0.0,10000.0,10402.069154405426,402.06915440542616,4.020691544054267,-6.463964653164278,1.2111439137899815,2010,1.0,0.060945273631840796,122.5,1.5,0,0,0,False,,,0.0,"diplom_risk_missing,diplom_risk_stale",252,0,204,48,0,-8.00408802183954,,,,,,,,,,
38,2025-09-15T09:50:00,2026-01-13T09:50:00,2025-09-15T09:50:00,2025-12-14T09:50:00,2025-12-14T09:50:00,2026-01-13T09:50:00,2026-01-13T09:50:00,2026-02-12T09:50:00,cash_gate_veto,False,decision_score,cash,cash,0,0.0,0,mom_96,short_only,1,0.5,24,10000.0,10221.554860387776,221.554860387776,2.2155486038777594,-13.939060779326063,0.3188933709776008,7372,1.0,0.025162778079218667,185.5,0.5,0,0,0,True,high,0.5980184556611332,0.0,"diplom_risk_missing,ok,diplom_risk_stale",308,4,261,43,0,-15.113214480952397,-6.421351900687444,10000.0,10589.970924795012,589.9709247950123,5.899709247950113,-3.848344996814812,3.406059309592282,2010,1.0,0.020149253731343283,40.5,0.5,0,0,0,False,,,0.0,"diplom_risk_stale,diplom_risk_missing",84,0,69,15,0,1.6905843140852639,-1.5751615756071313,10000.0,10589.970924795012,589.9709247950123,5.899709247950113,-3.848344996814812,3.406059309592282,2010,1.0,0.020149253731343283,40.5,0.5,0,0,0,False,,,0.0,"diplom_risk_stale,diplom_risk_missing",84,0,69,15,0,1.6905843140852639,-1.5751615756071313,1.6905843140852639,4.876285016012739,11.502012261799782,2.67760963650376,False,0.0,0.8996477887967922,-0.49889095881237333,-0.49889095881237333,0.489158141472564,balanced,37,6.371401403854951,0.2972972972972973,-5.75520211520596,4,0.5,-9.11332272026506,2,1.0,2.5340532784033476,False,,,0.0,"diplom_risk_stale,diplom_risk_missing",84,0,69,15,0,"stress_edge,may_like_regime",10000.0,10000.0,0.0,0.0,0.0,0.0,0,0.0,0.0,0.0,0.0,0,0,0,0.0,0.0,10000.0,8932.565980330013,-1067.4340196699868,-10.674340196699871,-11.15618427711469,-3.4730761525861915,2662,1.0,0.02836213373403456,75.5,0.5,0,0,0,False,,,0.0,"diplom_risk_stale,diplom_risk_missing",111,0,81,30,0,-17.178729580653474,,,,,,,,,,
39,2025-10-15T09:50:00,2026-02-12T09:50:00,2025-10-15T09:50:00,2026-01-13T09:50:00,2026-01-13T09:50:00,2026-02-12T09:50:00,2026-02-12T09:50:00,2026-03-14T09:50:00,cash_gate_veto,False,decision_score,cash,cash,0,0.0,0,voladj_mom_96,short_only,3,0.5,24,10000.0,9092.94607517151,-907.0539248284895,-9.070539248284891,-12.00079622961302,-2.1497843272938777,6830,1.0,0.025597853140460973,174.83333694934845,0.5,0,0,0,False,,,0.0,"diplom_risk_missing,diplom_risk_stale",855,0,615,240,0,-23.670479508184616,-5.060557707235802,10000.0,9206.452690541046,-793.5473094589543,-7.93547309458954,-8.317095381335704,-5.395684674900004,2662,1.0,0.02723516200289164,72.50000125169754,0.5,0,0,0,False,,,0.0,"diplom_risk_stale,diplom_risk_missing",333,0,220,113,0,-14.381252149950596,-2.2382976207271144,10000.0,9206.452690541046,-793.5473094589543,-7.93547309458954,-8.317095381335704,-5.395684674900004,2662,1.0,0.02723516200289164,72.50000125169754,0.5,0,0,0,False,,,0.0,"diplom_risk_stale,diplom_risk_missing",333,0,220,113,0,-14.381252149950596,-2.2382976207271144,-14.381252149950596,-11.442082052163121,8.499175126314682,1.8725348783338123,False,0.0,0.846605389374638,-15.686701430435216,-15.686701430435216,0.13638169048347007,balanced,38,5.878340195574949,0.2894736842105263,-5.884653117350536,4,0.5,-6.614076977634554,2,0.0,-5.26306910714035,False,,,0.0,"diplom_risk_stale,diplom_risk_missing",333,0,220,113,0,"gate_stress,gate_month_win_rate,stress_edge,may_like_regime",10000.0,10000.0,0.0,0.0,0.0,0.0,0,0.0,0.0,0.0,0.0,0,0,0,0.0,0.0,10000.0,9315.558170421642,-684.441829578358,-6.8444182957835835,-7.855969077469038,-5.7786634019450664,2378,1.0,0.026422764657925316,62.8333343565464,0.5,0,0,0,False,,,0.0,"diplom_risk_missing,diplom_risk_stale",300,0,194,106,0,-12.524470703553348,,,,,,,,,,
40,2025-11-14T09:50:00,2026-03-14T09:50:00,2025-11-14T09:50:00,2026-02-12T09:50:00,2026-02-12T09:50:00,2026-03-14T09:50:00,2026-03-14T09:50:00,2026-04-13T09:50:00,cash_gate_veto,False,decision_score,cash,cash,0,0.0,0,mom_96,long_only,1,0.5,24,10000.0,9755.351243413212,-244.6487565867883,-2.446487565867883,-8.458426085023095,-0.16126501999795023,7050,1.0,0.02106382978723404,148.5,0.5,0,0,0,False,,,0.0,"diplom_risk_missing,diplom_risk_stale",294,0,223,71,0,-15.926677518726828,-5.208202737935785,10000.0,10625.865173713451,625.8651737134514,6.258651737134513,-6.477451078601549,2.0629272741153986,2378,1.0,0.022918418839360806,54.5,0.5,0,0,0,False,,,0.0,"diplom_risk_missing,diplom_risk_stale",100,0,68,32,0,0.6155163631617722,-3.232949168156074,10000.0,10625.865173713451,625.8651737134514,6.258651737134513,-6.477451078601549,2.0629272741153986,2378,1.0,0.022918418839360806,54.5,0.5,0,0,0,False,,,0.0,"diplom_risk_missing,diplom_risk_stale",100,0,68,32,0,0.6155163631617722,-3.232949168156074,0.6155163631617722,3.5759492001619653,8.959815624206858,2.75819560745731,False,0.0,0.8191625056507471,-0.7887300267865553,-0.7887300267865553,0.47800677166136524,balanced,39,5.920865674000386,0.28205128205128205,-5.909262480900101,4,0.25,-4.613959311668802,2,1.0,1.8775376207792904,False,,,0.0,"diplom_risk_missing,diplom_risk_stale",100,0,68,32,0,"stress_edge,may_like_regime",10000.0,10000.0,0.0,0.0,0.0,0.0,0,0.0,0.0,0.0,0.0,0,0,0,0.0,0.0,10000.0,8245.315655172553,-1754.6843448274467,-17.546843448274462,-17.641724721128526,-7.553535974547135,2493,1.0,0.022262334536702767,55.5,0.5,0,0,0,False,,,0.0,"diplom_risk_missing,diplom_risk_stale",104,0,71,33,0,-22.0054743201217,,,,,,,,,,
41,2025-12-14T09:50:00,2026-04-13T09:50:00,2025-12-14T09:50:00,2026-03-14T09:50:00,2026-03-14T09:50:00,2026-04-13T09:50:00,2026-04-13T09:50:00,2026-05-13T09:50:00,cash_gate_veto,False,"decision_score,catastrophic_regime_risk",cash,cash,0,0.0,0,voladj_mom_96,long_only,3,0.5,24,10000.0,9414.376922775053,-585.6230772249473,-5.8562307722494715,-8.516607505556117,-1.158637383858719,7050,1.0,0.023947990997463253,168.83333653211594,0.5,0,0,0,False,,,0.0,"diplom_risk_missing,diplom_risk_stale",882,0,555,327,0,-20.496452144889254,-3.5879978797799694,10000.0,8922.885000110098,-1077.1149998899018,-10.771149998899022,-10.882210732064113,-7.331705697940313,2493,1.0,0.02587244335399112,64.50000128149986,0.5,0,0,0,False,,,0.0,"diplom_risk_missing,diplom_risk_stale",312,0,185,127,0,-16.35115444032994,-3.7051315078801883,10000.0,8922.885000110098,-1077.1149998899018,-10.771149998899022,-10.882210732064113,-7.331705697940313,2493,1.0,0.02587244335399112,64.50000128149986,0.5,0,0,0,False,,,0.0,"diplom_risk_missing,diplom_risk_stale",312,0,185,127,0,-16.35115444032994,-3.7051315078801883,-16.35115444032994,-13.691761921897703,9.11238581812896,2.445747958084282,False,0.0,1.0,-18.38109695824284,-18.38109695824284,0.11741346389444322,balanced,40,5.318785036864472,0.275,-6.200202005084461,4,0.5,-5.35159984184006,2,0.0,-6.59496924291656,False,,,0.0,"diplom_risk_missing,diplom_risk_stale",312,0,185,127,0,"gate_stress,gate_month_win_rate,stress_edge,may_like_regime",10000.0,10000.0,0.0,0.0,0.0,0.0,0,0.0,0.0,0.0,0.0,0,0,0,0.0,0.0,10000.0,8815.14287996663,-1184.85712003337,-11.848571200333701,-12.240037015580663,-6.548179408191652,2527,1.0,0.025524337677602763,64.50000131130219,0.5,0,0,0,False,,,0.0,"diplom_risk_stale,diplom_risk_missing",318,0,203,115,0,-17.360146147873035,,,,,,,,,,
42,2026-01-13T09:50:00,2026-05-13T09:50:00,2026-01-13T09:50:00,2026-04-13T09:50:00,2026-04-13T09:50:00,2026-05-13T09:50:00,2026-05-13T09:50:00,2026-06-12T09:50:00,cash_gate_veto,False,"decision_score,catastrophic_regime_risk",cash,cash,0,0.0,0,neural_ensemble,short_only,1,0.5,24,10000.0,9769.970589266099,-230.0294107339014,-2.300294107339018,-11.942994851658062,-0.2136617277000707,7533,1.0,0.03882915173237754,292.5,0.5,0,0,0,False,,,0.0,"diplom_risk_missing,diplom_risk_stale",314,0,260,54,0,-27.109533896339,-5.718046054347036,10000.0,9534.67063449764,-465.3293655023608,-4.653293655023605,-13.113334338409777,-0.7124036177893585,2527,1.0,0.03977047882865058,100.5,0.5,0,0,0,False,,,0.0,"diplom_risk_missing,diplom_risk_stale",106,0,92,14,0,-13.783996582724034,-5.977216696949162,10000.0,9534.67063449764,-465.3293655023608,-4.653293655023605,-13.113334338409777,-0.7124036177893585,2527,1.0,0.03977047882865058,100.5,0.5,0,0,0,False,,,0.0,"diplom_risk_missing,diplom_risk_stale",106,0,92,14,0,-13.783996582724034,-5.977216696949162,-13.783996582724034,-11.13455774474141,11.17960052922115,2.829400664151488,True,0.0,1.0,-16.547417929968812,-16.547417929968812,0.18540567959852336,balanced,41,5.2988776759652465,0.2682926829268293,-6.337967107407613,4,0.75,-6.566441224433528,2,0.5,-5.070813252672968,False,,,0.0,"diplom_risk_missing,diplom_risk_stale",106,0,92,14,0,"gate_stress,stress_edge,may_like_regime",10000.0,10000.0,0.0,0.0,0.0,0.0,0,0.0,0.0,0.0,0.0,0,0,0,0.0,0.0,10000.0,10143.432347319687,143.43234731968732,1.4343234731968746,-7.758189298013618,0.5040569285037142,2666,1.0,0.038447111777944486,102.5,0.5,0,0,0,False,,,0.0,"diplom_risk_stale,diplom_risk_missing",112,0,96,16,0,-8.461882539444465,,,,,,,,,,
