window_id,validation_start,validation_end,test_start,test_end,selected,alpha_name,mode,k,gross,rebalance_every,validation_return_pct,validation_max_drawdown_pct,worst_validation_segment_return_pct,test_return_pct,test_final_equity,test_pnl,test_max_drawdown_pct,worst_test_segment_return_pct,test_stress_return_pct,validation_initial_cash,validation_final_equity,validation_pnl,validation_sharpe_like,validation_bars,validation_active_rate,validation_avg_turnover_per_bar,validation_total_turnover,validation_mean_gross_exposure,validation_stop_exits,validation_take_profit_exits,validation_filter_exits,test_initial_cash,test_sharpe_like,test_bars,test_active_rate,test_avg_turnover_per_bar,test_total_turnover,test_mean_gross_exposure,test_stop_exits,test_take_profit_exits,test_filter_exits
1,2026-01-01T00:00:00,2026-01-31T00:00:00,2026-01-31T00:00:00,2026-02-07T00:00:00,cash,cash,cash,0,0.0,0,0.0,0.0,,0.0,10000.0,0.0,0.0,0.0,0.0,,,,,,,,,,,,,,,,,,,,,,
2,2026-01-08T00:00:00,2026-02-07T00:00:00,2026-02-07T00:00:00,2026-02-14T00:00:00,cash,cash,cash,0,0.0,0,0.0,0.0,,0.0,10000.0,0.0,0.0,0.0,0.0,,,,,,,,,,,,,,,,,,,,,,
3,2026-01-15T00:00:00,2026-02-14T00:00:00,2026-02-14T00:00:00,2026-02-21T00:00:00,cash,cash,cash,0,0.0,0,0.0,0.0,,0.0,10000.0,0.0,0.0,0.0,0.0,,,,,,,,,,,,,,,,,,,,,,
4,2026-01-22T00:00:00,2026-02-21T00:00:00,2026-02-21T00:00:00,2026-02-28T00:00:00,cash,cash,cash,0,0.0,0,0.0,0.0,,0.0,10000.0,0.0,0.0,0.0,0.0,,,,,,,,,,,,,,,,,,,,,,
5,2026-01-29T00:00:00,2026-02-28T00:00:00,2026-02-28T00:00:00,2026-03-07T00:00:00,cash,cash,cash,0,0.0,0,0.0,0.0,,0.0,10000.0,0.0,0.0,0.0,0.0,,,,,,,,,,,,,,,,,,,,,,
6,2026-02-05T00:00:00,2026-03-07T00:00:00,2026-03-07T00:00:00,2026-03-14T00:00:00,cash,cash,cash,0,0.0,0,0.0,0.0,,0.0,10000.0,0.0,0.0,0.0,0.0,,,,,,,,,,,,,,,,,,,,,,
7,2026-02-12T00:00:00,2026-03-14T00:00:00,2026-03-14T00:00:00,2026-03-21T00:00:00,cash,cash,cash,0,0.0,0,0.0,0.0,,0.0,10000.0,0.0,0.0,0.0,0.0,,,,,,,,,,,,,,,,,,,,,,
8,2026-02-19T00:00:00,2026-03-21T00:00:00,2026-03-21T00:00:00,2026-03-28T00:00:00,cash,cash,cash,0,0.0,0,0.0,0.0,,0.0,10000.0,0.0,0.0,0.0,0.0,,,,,,,,,,,,,,,,,,,,,,
9,2026-02-26T00:00:00,2026-03-28T00:00:00,2026-03-28T00:00:00,2026-04-04T00:00:00,cash,cash,cash,0,0.0,0,0.0,0.0,,0.0,10000.0,0.0,0.0,0.0,0.0,,,,,,,,,,,,,,,,,,,,,,
10,2026-03-05T00:00:00,2026-04-04T00:00:00,2026-04-04T00:00:00,2026-04-11T00:00:00,alpha_policy,rev_96,short_only,1,0.5,24,7.491748243818774,-5.033565045488508,0.48229711654248497,2.570379879334861,10257.037987933485,257.03798793348506,-1.333373023561768,0.008681804803822857,0.6872485763830039,10000.0,10749.174824381877,749.1748243818765,2.5359597024586855,2452.0,1.0,0.025897226753670472,63.5,0.5,0.0,0.0,0.0,10000.0,4.7373298384713936,620.0,1.0,0.029838709677419355,18.5,0.5,0.0,0.0,0.0
11,2026-03-12T00:00:00,2026-04-11T00:00:00,2026-04-11T00:00:00,2026-04-18T00:00:00,alpha_policy,rev_96,short_only,1,1.0,24,19.31961749858644,-5.488241440322694,0.09986349645259018,9.385645393354402,10938.56453933544,938.5645393354407,-9.452947117436883,-2.689296071863223,5.821169633432666,10000.0,11931.961749858643,1931.961749858643,3.5768336809293326,2567.0,1.0,0.046357615894039736,119.0,1.0,0.0,0.0,0.0,10000.0,3.5525787417137242,620.0,1.0,0.0532258064516129,33.0,1.0,0.0,0.0,0.0
12,2026-03-19T00:00:00,2026-04-18T00:00:00,2026-04-18T00:00:00,2026-04-25T00:00:00,cash,cash,cash,0,0.0,0,0.0,0.0,,0.0,10000.0,0.0,0.0,0.0,0.0,,,,,,,,,,,,,,,,,,,,,,
13,2026-03-26T00:00:00,2026-04-25T00:00:00,2026-04-25T00:00:00,2026-05-02T00:00:00,cash,cash,cash,0,0.0,0,0.0,0.0,,0.0,10000.0,0.0,0.0,0.0,0.0,,,,,,,,,,,,,,,,,,,,,,
14,2026-04-02T00:00:00,2026-05-02T00:00:00,2026-05-02T00:00:00,2026-05-09T00:00:00,cash,cash,cash,0,0.0,0,0.0,0.0,,0.0,10000.0,0.0,0.0,0.0,0.0,,,,,,,,,,,,,,,,,,,,,,
15,2026-04-09T00:00:00,2026-05-09T00:00:00,2026-05-09T00:00:00,2026-05-16T00:00:00,alpha_policy,mom_96,short_only,3,1.0,24,13.435479878311929,-7.062733220196482,0.6013281950242533,-2.320448880817183,9767.955111918282,-232.04488808171845,-3.5924549665830696,-1.744537081703057,-4.864944291575379,10000.0,11343.547987831193,1343.5479878311926,2.7355476067354725,2637.0,1.0,0.038048288204654584,100.33333599567413,1.0,0.0,0.0,0.0,10000.0,-4.915425019088144,510.0,1.0,0.05163398794099396,26.33333384990692,1.0,0.0,0.0,0.0
16,2026-04-16T00:00:00,2026-05-16T00:00:00,2026-05-16T00:00:00,2026-05-23T00:00:00,cash,cash,cash,0,0.0,0,0.0,0.0,,0.0,10000.0,0.0,0.0,0.0,0.0,,,,,,,,,,,,,,,,,,,,,,
17,2026-04-23T00:00:00,2026-05-23T00:00:00,2026-05-23T00:00:00,2026-05-30T00:00:00,cash,cash,cash,0,0.0,0,0.0,0.0,,0.0,10000.0,0.0,0.0,0.0,0.0,,,,,,,,,,,,,,,,,,,,,,
18,2026-04-30T00:00:00,2026-05-30T00:00:00,2026-05-30T00:00:00,2026-06-06T00:00:00,cash,cash,cash,0,0.0,0,0.0,0.0,,0.0,10000.0,0.0,0.0,0.0,0.0,,,,,,,,,,,,,,,,,,,,,,
19,2026-05-07T00:00:00,2026-06-06T00:00:00,2026-06-06T00:00:00,2026-06-13T00:00:00,cash,cash,cash,0,0.0,0,0.0,0.0,,0.0,10000.0,0.0,0.0,0.0,0.0,,,,,,,,,,,,,,,,,,,,,,
